dhid,from,to,x,y,z,xstart,ystart,zstart,xend,yend,zend,zone,var
237.0,124.3,124.61,545.9515320006758,567.2258000000147,252.58901199999946,545.9554099999368,567.1426360000623,252.88762399999996,545.9476540014148,567.3089659999823,252.29039999999986,2.0,1.01346
237.0,124.61,125.0,545.9428380001336,567.4135880001122,251.91472599999952,545.9476460013539,567.3089659999823,252.29039999999986,545.938030000776,567.5182120001409,251.53905399999985,2.0,0.1911
237.0,125.0,126.0,545.9259500000626,567.7864680000348,250.5757819999999,545.9379200004041,567.518216000055,251.53905600000007,545.913979999721,568.054720000131,249.61250599999994,2.0,2.3805599999999996
237.0,126.0,126.79,545.9049360007048,568.2666240000399,248.85151199999973,545.9140280019492,568.0547180001158,249.61250599999994,545.8958459999412,568.4785280000651,248.0905159999993,2.0,2.6103
237.0,126.79,127.1,545.8924340009689,568.5616760000121,247.7918939999995,545.8959140013903,568.4785260000499,248.09051399999998,545.8889540005475,568.644823999959,247.49327399999993,2.0,1.28142
237.0,127.1,127.87,545.8804640006274,568.851352000027,246.75153599999976,545.8888900000602,568.6448280001059,247.4932759999997,545.8720360007137,569.0578760000644,246.0097979999996,2.0,1.56576
237.0,127.87,128.97,545.8603499997407,569.352732000174,244.95011599999953,545.8721159994602,569.0581380001968,246.00986799999964,545.8485840018839,569.64732800005,243.89036399999986,2.0,2.3595599999999997
238.0,128.29,129.0,548.4276040010154,549.2835960001685,239.22445199999947,548.4310760013759,549.14708600007,239.92119799999955,548.4241320006549,549.4201040001353,238.52770799999962,2.0,2.3241
238.0,129.0,130.0,548.4194480013102,549.6121560002211,237.5463339999992,548.4240960013121,549.4201420000754,238.5277159999996,548.4147999994457,549.8041720001493,236.56495399999994,2.0,6.708600000000001
238.0,130.0,131.0,548.410436000675,549.9958940000506,235.58351399999992,548.4147999994457,549.8041720001493,236.56495399999994,548.4060700014234,550.1876160000684,234.6020739999999,2.0,0.72555
238.0,131.0,131.75,548.4030140005052,550.3311840000097,233.86594999999988,548.4061019998044,550.1875840000575,234.6020679999997,548.399926001206,550.4747820001794,233.12983199999962,2.0,1.0013999999999998
238.0,131.75,132.25,548.3979780022055,550.5704000000842,232.63906399999996,548.3999480009079,550.4747600001283,233.1298280000001,548.3960079997778,550.6660420000553,232.14829999999984,2.0,0.69705
239.0,130.9,131.81,542.695538001135,519.9613540001446,228.8843240000001,542.7047460004687,519.8728080000728,229.78996000000006,542.6863299999386,520.0498980002012,227.97868999999946,1.0,0.212
239.0,131.81,133.0,542.675096001476,520.1654060002184,226.79435999999987,542.6864999998361,520.0498640001751,227.97868199999994,542.6636900007725,520.2809460001299,225.61003799999935,1.0,1.26392
239.0,133.0,133.81,542.6558600012213,520.359541999991,224.80389799999966,542.6636780016124,520.2809380001854,225.61003599999958,542.6480420008302,520.4381480001612,223.99775799999952,2.0,0.32085
239.0,133.81,134.44,542.6419280022383,520.4992580000544,223.3707599999998,542.6480379998684,520.4381440001307,223.99775799999952,542.635816000402,520.5603720002109,222.74375999999984,2.0,0.7173
239.0,134.44,134.76,542.6326960008591,520.5914040001808,222.42528399999946,542.6358120013028,520.560368000064,222.74375999999984,542.6295820008963,520.6224380001659,222.10680799999955,2.0,1.5187499999999998
239.0,134.76,135.14,542.625876000151,520.6592840000521,221.72861599999942,542.6295840013772,520.6224380001659,222.10680799999955,542.6221680007875,520.6961320001865,221.35042599999952,2.0,2.09775
239.0,135.14,136.0,542.6137520000339,520.7795020000776,220.49451799999997,542.6221780013293,520.696140000131,221.35042599999952,542.605326000601,520.8628660000395,219.63860799999975,2.0,1.2792
239.0,136.0,136.55,542.5998960006982,520.9161700000986,219.09122400000024,542.605328001082,520.8628440001048,219.63860599999998,542.5944640021771,520.9694960000925,218.54384200000004,2.0,0.98715
240.0,135.0,136.0,544.0012660007924,497.3205700000981,219.2145799999994,543.996352000162,497.2955700000748,220.2142560000002,544.0061799995601,497.34557000012137,218.21490399999993,1.0,1.69064
240.0,136.0,137.05,544.0115380007774,497.3717140001245,217.16524399999935,544.0060700010508,497.3456600001082,218.21490600000016,544.0170060005039,497.39776800002437,216.11557999999968,1.0,0.55468
240.0,137.05,138.0,544.0224320013076,497.4210000000894,215.16587999999956,544.0170300006866,497.3977500000037,216.11557999999968,544.0278320014477,497.44424800015986,214.21617999999944,1.0,0.54768
240.0,138.0,139.0,544.0339700002223,497.4683980002301,213.21649200000002,544.027820000425,497.4442580000032,214.21618199999966,544.0401200018823,497.49253800010774,212.21680199999946,1.0,0.36091999999999996
240.0,139.0,139.75,544.0450980011374,497.5103820002405,211.46702999999934,544.0401719994843,497.49250200006645,212.21680199999946,544.0500220004469,497.52826400019694,210.7172599999999,1.0,0.6344799999999999
423.0,108.95,110.0,526.0667320005596,645.7101560002193,334.4097439999996,526.1646420005709,644.9918100000359,335.1692799999996,525.96882000193,646.4285000000382,333.65020799999957,2.0,0.61488
423.0,110.0,110.9,525.8850760012865,647.0439760000445,332.99891999999954,525.9688340015709,646.4284820002504,333.65018999999984,525.8013180010021,647.6594700000715,332.34765199999947,2.0,0.19865999999999998
425.0,126.7,127.0,526.4439080003649,581.2141820001416,253.20908999999983,526.4696939997375,581.1186300001573,253.49229399999967,526.4181219991297,581.3097320002271,252.92588599999954,2.0,1.4935200000000002
425.0,127.0,128.08,526.3255219999701,581.6539020000491,251.90638999999965,526.4179940000176,581.3096300001489,252.9258619999996,526.2330520004034,581.998176000081,250.88691599999947,2.0,1.7644199999999999
425.0,128.08,128.61,526.1878620013595,582.1672460001428,250.38664199999994,526.2332200016826,581.9983320002211,250.88695199999938,526.1425020005554,582.3361620000796,249.88633200000004,2.0,1.3805399999999999
426.0,128.3,129.0,529.6533040013164,546.737354000099,239.055206,529.6933079995215,546.6058280001162,239.74157400000013,529.6132999993861,546.8688800001983,238.36883999999964,2.0,0.06
426.0,129.0,130.0,529.556510001421,547.0572060002014,237.38837599999943,529.6132360007614,546.8688040000852,238.36882800000012,529.499781999737,547.245606000186,236.4079240000001,2.0,0.08805
426.0,130.0,131.0,529.443548001349,547.4346000000369,235.4275579999994,529.499781999737,547.2456040001707,236.4079240000001,529.3873159997165,547.6235940001206,234.44718999999986,2.0,0.15735
426.0,131.0,132.0,529.33157800138,547.813184000086,233.4669100000001,529.3873159997165,547.6235940001206,234.4471920000001,529.2758380006999,548.0027720001526,232.48662999999942,2.0,0.10695
426.0,132.0,133.0,529.2204720005393,548.1928080000216,231.50641599999926,529.2759620007128,548.0029220001306,232.4866519999996,529.1649820003659,548.3826940001454,230.52617800000007,2.0,0.0864
426.0,133.0,134.0,529.1094900015742,548.5725800001528,229.5459420000002,529.1649820003659,548.3826940001454,230.52617800000007,529.0539999995381,548.762468000059,228.56570599999986,2.0,0.0642
426.0,134.0,135.0,528.9985080007464,548.9523540001828,227.58546799999976,529.0539999995381,548.762468000059,228.56570599999986,528.9430180005729,549.1422400001902,226.6052319999999,2.0,0.14955
426.0,135.0,135.87,528.894742000848,549.3074420000194,225.75242599999956,528.9430180005729,549.1422400001902,226.6052319999999,528.8464640006423,549.4726420000661,224.89961999999923,2.0,0.0861
430.0,111.18,112.0,484.2332739997656,671.9378260000376,371.4074819999996,484.44781599938875,671.2892400001874,371.86103399999956,484.0187340006233,672.5864120001206,370.9539299999997,2.0,3.7598399999999996
430.0,112.0,113.0,483.75734600052243,673.3771999999881,370.4004539999996,484.01887000165885,672.586540000164,370.95404599999983,483.495821999386,674.1678580000298,369.84686399999964,2.0,4.649819999999999
430.0,113.0,113.74,483.3021440003068,674.7525300001726,369.43668399999933,483.49579999968415,674.1677960001398,369.8467859999996,483.1084880009294,675.3372640002053,369.0265799999993,2.0,3.4024199999999998
430.0,113.74,114.96,482.78902600146836,676.3007540000835,368.3498039999995,483.10853599943226,675.3373920000158,369.0267439999998,482.4695140011609,677.2641160000348,367.67286599999943,2.0,2.86692
430.0,114.96,115.62,482.29648800008005,677.7847920000786,367.3060439999995,482.4694620016963,677.2639700000873,367.6726839999992,482.12351600080734,678.3056140001863,366.93940399999974,2.0,2.1726599999999996
431.0,109.5,109.9,486.17218400165444,644.5149260000326,342.5359999999996,486.2752840016038,644.2462340000784,342.8138039999999,486.0690840017051,644.7836180001032,342.25819599999977,2.0,1.08906
431.0,109.9,110.8,485.83743599988526,645.3881739999633,341.6330159999993,486.0689599998296,644.7836159999715,342.2582419999999,485.60591400228446,645.992732000188,341.00778999999966,2.0,0.46325999999999995
431.0,110.8,111.44,485.4417320005596,646.4226420000196,340.56301799999983,485.6059900000692,645.992732000188,341.00776199999973,485.27747400105005,646.8525500000687,340.11827399999993,2.0,0.52164
431.0,111.44,112.0,485.13402600027626,647.2287220001454,339.72902199999953,485.2774920016528,646.8525500000687,340.1182679999997,484.9905600007624,647.6048940001056,339.3397759999998,2.0,0.23855999999999997
431.0,112.0,112.53,484.8549700006843,647.9609180000843,338.97131599999966,484.990606000647,647.6048920000903,339.33975599999985,484.71933400072163,648.3169460000936,338.60287599999947,2.0,0.51408
431.0,112.53,113.0,484.5991060007364,648.6326800001552,338.2761399999995,484.7193359993399,648.3169460000936,338.60287599999947,484.4788760002703,648.9484140002169,337.9494039999995,2.0,1.1667599999999998
431.0,113.0,113.77,484.2819880004973,649.4657000000589,337.41409999999996,484.47885600104934,648.94841000007,337.9494060000002,484.085118001327,649.9829900001641,336.878792,2.0,0.74172
433.0,125.0,126.0,500.7388380002231,580.8618180000922,259.3802919999998,500.916606001556,580.5392800001428,260.31000600000016,500.561068000272,581.1843580000568,258.4505799999997,1.0,1.20904
433.0,126.0,127.0,500.38460000045603,581.5061280000955,257.520356,500.561068000272,581.184356000158,258.45058399999925,500.2081320006401,581.827900000033,256.5901299999996,2.0,3.54186
433.0,127.0,128.0,500.03296400047844,582.1489040001761,255.6593939999998,500.2081320006401,581.827900000033,256.5901299999996,499.8577960003168,582.46990799997,254.72865600000023,2.0,1.1331599999999997
433.0,128.0,129.0,499.6837760005147,582.7902820002055,253.79747999999972,499.8579460009933,582.4697739999974,254.72857599999952,499.50960800051695,583.1107920000795,252.86638399999947,2.0,3.60696
433.0,129.0,129.96,499.34307800047105,583.4182659999933,251.9723339999996,499.5096220001579,583.1107860001503,252.86637999999948,499.1765320003033,583.725744000054,251.07828799999925,2.0,2.9945999999999997
434.0,132.69,132.99,495.7409600000829,565.916090000188,239.621756,495.79431799985474,565.8402880001813,239.9070740000002,495.6876020003111,565.9918940000935,239.3364359999996,1.0,3.18388
434.0,132.99,133.8,495.5434640012682,566.1966540000867,238.56611399999974,495.68763400055474,565.9918520001229,239.33641999999918,495.399294000119,566.401456000167,237.79580799999985,1.0,7.5194
434.0,133.8,134.9,495.203301999718,566.6798520000884,236.749824,495.3993260003627,566.4014140001964,237.7957919999999,495.0072799995542,566.9582919999957,235.70385799999985,2.0,1.41036
434.0,134.9,135.33,494.9305200017989,567.0673100000713,235.29504999999972,495.00722200050956,566.9583680001087,235.70388799999955,494.85381800122565,567.1762520000339,234.88621199999943,2.0,27.471359999999997
434.0,135.33,135.79,494.7717220000923,567.2928540001158,234.44887400000016,494.85382000170654,567.1762500000186,234.88621199999943,494.68962199985987,567.4094560001977,234.0115379999993,2.0,4.81152
434.0,135.79,136.35,494.58961800113326,567.5514840000542,233.47915999999987,494.6896200012416,567.4094600001117,234.0115399999995,494.4896160010249,567.6935100001283,232.9467799999993,2.0,13.02714
435.0,132.6,133.0,497.75333799980586,534.2059700001264,232.15011799999957,497.82136400230235,534.1486240000231,232.54009599999972,497.6853120010347,534.2633180000121,231.7601379999992,1.0,1.1264399999999999
435.0,133.0,134.0,497.51561400108045,534.4065060002031,230.7850999999996,497.68515600077814,534.2633940001251,231.760178,497.346074000001,534.5496180000482,229.81002399999988,2.0,0.4641
435.0,134.0,135.0,497.1772799994797,534.692362000118,228.83476399999972,497.346074000001,534.5496180000482,229.81002399999988,497.00848800130194,534.8351060001878,227.85950399999956,2.0,0.15765
435.0,135.0,136.0,496.8404440004379,534.9774840000318,226.88405999999986,497.00848800130194,534.8351060001878,227.85950399999956,496.6723999995739,535.1198620001087,225.90861599999926,2.0,0.4122
435.0,136.0,137.0,496.5049820002169,535.2620080000488,224.9330299999997,496.6725220009685,535.1197280001361,225.9085759999998,496.33744000084704,535.4042860000627,223.9574859999998,2.0,1.0011
435.0,137.0,138.0,496.17015600204473,535.546738000121,222.98192400000016,496.33744000084704,535.4042860000627,223.9574859999998,496.00287399999803,535.689188000164,222.00635999999986,2.0,0.41355
435.0,138.0,139.0,495.8358480017633,535.8318100001197,221.03077799999983,496.00287399999803,535.689188000164,222.00635999999986,495.66882199980324,535.9744320001919,220.05519399999957,2.0,2.1708
435.0,139.0,140.3,495.4520299993456,536.1600640001707,218.78691199999957,495.6687780003995,535.9744020000799,220.05519799999956,495.2352799996734,536.3457280001603,217.51862599999959,2.0,0.7074
436.0,134.11,135.0,495.0940560009331,514.1199480001815,226.6097519999994,495.24366000108427,514.0552700001281,227.4847019999993,494.94445200078195,514.184626000002,225.7348039999997,1.0,2.35676
436.0,135.0,136.0,494.7771760001779,514.2572640001308,224.75157199999967,494.94440400041645,514.1846280001337,225.7348119999997,494.609948001802,514.3299000000115,223.7683339999994,2.0,0.8259
436.0,136.0,137.0,494.44349399954086,514.4025660000043,222.78496399999995,494.6100939996541,514.3298320001923,223.7683019999995,494.2768939994276,514.4752980001504,221.8016259999995,2.0,0.5796
436.0,137.0,138.0,494.1106320004911,514.5482640002156,220.81824799999958,494.2768939994276,514.4752980001504,221.8016259999995,493.94436800107366,514.6212300001644,219.83486999999923,2.0,1.02285
436.0,138.0,139.0,493.7784420009703,514.6944260000018,218.85145199999943,493.94436800107366,514.6212300001644,219.83486999999923,493.61251600086695,514.767623999971,217.86803399999962,2.0,1.236
436.0,139.0,139.43,493.5413380004466,514.7992180000292,217.44514399999935,493.6125840004534,514.7676720001036,217.86802599999965,493.4700940009207,514.83076599997,217.0222619999995,2.0,1.0695
436.0,139.43,140.36,493.31616200134164,514.899102000054,216.10763999999972,493.4700360000134,514.8307260000147,217.02226999999948,493.1622880008072,514.9674780000933,215.19300999999996,2.0,2.5995
436.0,140.36,141.23,493.01831800118094,515.0318320002407,214.3374219999996,493.16232400015,514.9674640002195,215.19300199999952,492.8743140008301,515.0962000000291,213.48183999999947,2.0,3.9944999999999995
436.0,141.23,142.0,492.74677600152796,515.1535419999855,212.72464399999944,492.87430999986833,515.096223999979,213.48184200000014,492.6192439999432,515.2108600001084,211.9674460000001,2.0,0.6492
436.0,142.0,143.0,492.45351600088185,515.2857340000337,210.98411999999917,492.6192560009659,515.2108040001476,211.96743999999944,492.2877760007978,515.3606620001374,210.00080199999957,2.0,0.8739
436.0,143.0,143.44,492.21478600054985,515.3939180000452,209.568174,492.28775200061506,515.3607740000589,210.000814,492.14182000048464,515.427062000148,209.13553399999955,2.0,0.9465
436.0,143.44,144.0,492.04892200045293,515.4693840000546,208.58491799999956,492.1418239995838,515.4270460001426,209.13553199999978,491.95602199994033,515.5117220001994,208.03430199999957,2.0,1.6340999999999999
436.0,144.0,144.63,491.85146800056106,515.5595320002176,207.41487999999936,491.9560180008412,515.5117280001286,208.03430199999957,491.7469200007618,515.6073360000737,206.7954579999996,2.0,0.7543500000000001
436.0,144.63,145.17,491.65728599950677,515.6484400001355,206.26453799999945,491.7469180002809,515.6073460001498,206.7954579999996,491.56765400059527,515.6895340000046,205.73361599999953,2.0,0.5841000000000001
438.0,130.5,131.0,464.3046120014042,574.2653920000885,254.99587400000019,464.44778400100773,574.1118940000888,255.44968199999994,464.1614380013198,574.4188880001893,254.54206799999974,1.0,1.35716
438.0,131.0,132.0,463.8752660006285,574.7259220001288,253.63441399999965,464.1613800004125,574.4188739999663,254.54208199999994,463.58915200084454,575.0329700000584,252.72674599999982,1.0,3.5184799999999994
438.0,132.0,133.0,463.30327000096446,575.3400720001664,251.8190239999999,463.5892300009728,575.0329880001955,252.7267280000001,463.017312001437,575.6471540001221,250.91131999999925,2.0,4.255019999999999
438.0,133.0,133.7,462.81713999994105,575.8621140001342,250.2759259999998,463.017312001437,575.6471540001221,250.91131999999925,462.61696800030774,576.077072000131,249.6405339999992,2.0,3.9807599999999996
439.0,125.0,126.0,460.13277000188833,595.8170580000151,277.51174200000014,460.4645920004696,595.4131620001281,278.3642460000001,459.8009480014444,596.220954000135,276.6592399999995,1.0,1.4907199999999998
439.0,126.0,127.0,459.4689600002021,596.6249060002156,275.80682799999977,459.8009480014444,596.220954000135,276.6592399999995,459.1369720008225,597.0288600000786,274.9544159999996,2.0,33.66006
439.0,127.0,128.1,458.7716040015221,597.473270000075,274.0168619999995,459.1369800008834,597.0288560001645,274.9544099999998,458.40622600167995,597.9176840001019,273.07931400000007,2.0,2.4926999999999997
440.0,119.8,121.0,462.3114860001952,620.789386000135,303.14313399999946,462.70662400126463,620.1654740000376,304.08896599999935,461.9163480009884,621.4133000000147,302.1972999999998,1.0,0.819
440.0,121.0,122.0,461.5876320004464,621.9337320001796,301.4092039999996,461.91640000045305,621.4133460001322,302.19731,461.25886400230235,622.4541180001106,300.6210979999996,1.0,1.2227599999999998
440.0,122.0,122.4,461.1275880001486,622.6624760000268,300.30589599999985,461.2589640021325,622.4542060001986,300.62111599999935,460.9962100014091,622.8707480002195,299.9906780000001,1.0,1.54168
441.0,114.52,115.42,466.175348000601,642.6728440000443,333.4440939999995,466.47655400075024,642.0905300001614,334.0606859999998,465.87414200045174,643.2551580000436,332.8275019999992,2.0,0.5565
441.0,115.42,116.0,465.68029000051325,643.630228000111,332.4298299999996,465.87419800087815,643.255116000073,332.82743399999936,465.48638200014835,644.0053420000477,332.03222400000004,2.0,0.50358
441.0,116.0,116.78,465.2258140016348,644.5097079999978,331.4973219999997,465.4863640014083,644.0052980001783,332.03218999999945,464.96526400186127,645.0141180000501,330.9624539999995,2.0,0.45864
443.0,125.0,126.0,439.84962000139063,685.3736300001619,365.33508399999937,440.2530100010336,684.6201680001104,365.8542859999998,439.446229999885,686.127092000097,364.8158819999999,2.0,8.06442
444.0,118.0,119.0,454.3300200011582,664.6620540000731,352.7803879999992,454.6970440000296,663.9399020001292,353.366724,453.962998000905,665.3842060001334,352.1940499999996,2.0,1.50948
445.0,118.18,119.0,446.82044600136584,645.0840780001599,335.6598199999994,447.1486959997565,644.5616980001796,336.1999780000001,446.4921960011125,645.6064600000391,335.1196619999996,2.0,0.79338
445.0,119.0,120.27,445.9842480011285,646.4150840000948,334.2823939999994,446.4921020008624,645.6065520000411,335.11980799999947,445.4763960000128,647.223616000032,333.444982,2.0,1.54854
445.0,120.27,121.0,445.18479800038045,647.68815000006,332.9632339999994,445.47651600092655,647.2234820001759,333.44477800000004,444.89308200031525,648.1528180000605,332.4816899999996,2.0,0.5951399999999999
445.0,121.0,121.9,444.53356200084096,648.7257340000942,331.88796199999933,444.8930680006743,648.1528140001465,332.4816939999996,444.1740560010076,649.2986520000268,331.29422799999975,2.0,0.89922
446.0,117.71,119.0,442.8821280021221,621.7005079999799,318.5381779999998,443.4218420013786,621.0004500000505,319.47771399999965,442.3424159996212,622.4005660000257,317.5986419999999,1.0,1.533
446.0,119.0,120.0,441.9246460013092,622.9427720002132,316.86961399999973,442.3424939997495,622.4005060001509,317.5985519999995,441.50679999962455,623.485038000159,316.1406740000002,1.0,1.701
446.0,120.0,121.0,441.08929800055927,624.0270280000987,315.4113319999997,441.50692199915653,623.4849520000862,316.1405399999999,440.67167400009936,624.5691040001111,314.68212399999993,2.0,1.01934
446.0,121.0,122.0,440.25402600131935,625.1111620001029,313.95291799999995,440.67167400009936,624.5691040001111,314.68212399999993,439.8363780006767,625.6532200000947,313.22370999999976,2.0,0.78708
446.0,122.0,123.0,439.41870600171393,626.1952600000659,312.49450199999956,439.8363780006767,625.6532200000947,313.22370999999976,439.00103599950677,626.7372980001383,311.76529399999936,2.0,1.0478999999999998
446.0,123.0,124.0,438.58334000036126,627.2793200000888,311.0360879999994,439.00103599950677,626.7372980001383,311.76529399999936,438.1656439993531,627.8213420000393,310.30687999999964,2.0,0.9899399999999998
446.0,124.0,125.19,437.66861600056296,628.4663540001493,309.43911199999957,438.16559000127023,627.8213140001753,310.30688999999984,437.17164200171834,629.1113960001385,308.5713339999993,2.0,1.22472
446.0,125.19,126.0,436.8335040006787,629.550523999962,307.9806319999998,437.17166800051933,629.111407999997,308.571328,436.4953380003572,629.9896380001446,307.38993399999936,2.0,0.50022
446.0,126.0,127.0,436.0779640022666,630.5318100000732,306.660656,436.49532600119716,629.9896320002154,307.38993799999935,435.6606019996107,631.0739860001486,305.93137400000023,2.0,1.26336
446.0,127.0,127.71,435.3643740005792,631.4589800001122,305.41355999999996,435.6606180015952,631.0739940000931,305.93136999999933,435.06812999956315,631.8439660000149,304.89575199999945,2.0,2.69934
446.0,127.71,128.99,434.53418800048536,632.5380659999792,303.9621939999997,435.06810400076216,631.8440100001171,304.8957999999998,434.00027200020855,633.2321220001904,303.0285879999992,2.0,10.38576
446.0,128.99,130.0,433.57910400070256,633.7796100000851,302.29171999999926,434.0002859998495,633.2321020000381,303.0285659999995,433.15792400017386,634.3271180000156,301.5548739999999,2.0,1.17264
446.0,130.0,131.0,432.7410100009293,634.8690780000761,300.82517400000006,433.15792400017386,634.3271180000156,301.5548739999999,432.3240959998221,635.4110380001366,300.0954740000002,2.0,4.29912
446.0,131.0,132.0,431.90727999992674,635.952872000169,299.365624,432.3240959998221,635.4110380001366,300.0954740000002,431.49046400189405,636.4947060002014,298.6357759999996,2.0,2.84046
446.0,132.0,133.0,431.0737200006843,637.0364460001001,297.90581399999974,431.49048800021416,636.4946739999577,298.6357379999995,430.6569520011545,637.5782159999944,297.1758920000002,2.0,2.5590599999999997
446.0,133.0,134.0,430.24018400162464,638.1199880001368,296.445968,430.6569520011545,637.5782159999944,297.1758920000002,429.82341600023216,638.6617580000311,295.7160439999998,2.0,4.67208
446.0,134.0,135.0,429.4066480007023,639.2035280001583,294.9861199999996,429.82341600023216,638.6617580000311,295.7160439999998,428.98987999930984,639.7453000000678,294.2561959999998,2.0,1.3351799999999998
446.0,135.0,136.0,428.57311200164264,640.2870700000785,293.5262719999996,428.98987999930984,639.7453000000678,294.2561959999998,428.15634400025016,640.8288419999881,292.7963479999994,2.0,8.179920000000001
446.0,136.0,137.07,427.7104020006955,641.4085360000608,292.0153299999997,428.15634400025016,640.8288419999881,292.7963479999994,427.2644600011409,641.9882320001489,291.2343119999996,2.0,2.02566
447.0,121.92,123.0,437.02044200152164,608.2423740000231,301.84885799999984,437.4841200020165,607.7460820002016,302.68856000000005,436.55676599964505,608.7386659999611,301.00915799999984,1.0,1.31068
447.0,123.0,124.0,436.12839600071317,609.1983400002355,300.2312119999997,436.5568020008505,608.7386720001232,301.00913999999966,435.69999000057584,609.6580100001302,299.45328399999926,2.0,5.2991399999999995
447.0,124.0,125.0,435.27227200008934,610.1178680000594,298.6750879999995,435.700192000717,609.6579540001694,299.4531379999994,434.8443519994617,610.5777820001822,297.89703599999984,2.0,3.72036
447.0,125.0,126.0,434.41651400178677,611.0380500000902,297.11915,434.8443519994617,610.5777820001822,297.89703599999984,433.98867600038653,611.4983180001145,296.34126199999946,2.0,5.47806
447.0,126.0,127.0,433.560920001939,611.9589400001569,295.56353999999965,433.98867600038653,611.4983180001145,296.34126199999946,433.1331640016288,612.4195620000828,294.78581799999984,2.0,16.34514
447.0,127.0,128.0,432.7054920010269,612.8805400001584,294.00826000000006,433.1331640016288,612.4195620000828,294.78581799999984,432.27781799994415,613.3415159999859,293.2307019999994,2.0,2.48892
447.0,128.0,129.0,431.8502220008523,613.802762000123,292.45326199999954,432.2778240013868,613.3416020000586,293.2307499999997,431.42262200079864,614.2639220001874,291.6757719999996,2.0,10.92546
447.0,129.0,129.7,431.12334800139075,614.5867440000875,291.13151000000016,431.42263000085956,614.2639239999698,291.6757679999996,430.8240660000593,614.9095640002051,290.58725199999935,2.0,8.04174
447.0,129.7,130.43,430.5119900014252,615.2462240000023,290.0196519999995,430.8240660000593,614.9095640002051,290.58725199999935,430.19991400092846,615.5828860000474,289.45205399999986,2.0,3.05256
447.0,130.43,130.76,430.05885600112384,615.7350780001143,289.1954619999997,430.1999200005085,615.5828860000474,289.4520519999992,429.9177920017392,615.8872700000647,288.9388699999995,2.0,7.4445
447.0,130.76,132.0,429.3877719994635,616.4591480002273,287.97469599999977,429.91777000203734,615.8872660000343,288.9388799999997,428.85777400061494,617.0310320002027,287.0105119999994,2.0,4.496099999999999
447.0,132.0,133.07,428.4005020000041,617.5245240000077,286.1784859999998,428.8577980007977,617.0310360001167,287.0105019999992,427.9432079996914,618.0180120001314,285.3464699999995,2.0,3.2344199999999996
447.0,133.07,133.81,427.62694800086325,618.3593040001579,284.77105600000004,427.9432079996914,618.0180120001314,285.3464699999995,427.31068800017243,618.7005940000527,284.19564399999945,2.0,21.2331
447.0,133.81,134.48,427.0243440009654,619.0095999999903,283.67466199999944,427.31068800017243,618.7005940000527,284.19564399999945,426.73799999989575,619.3186080000596,283.15367999999944,2.0,8.5869
449.0,146.8,148.0,430.46477800048893,549.927212000126,223.84407199999987,430.9048800002784,549.6833840000909,224.93349999999964,430.02467600069946,550.1710400001612,222.75464199999988,1.0,2.8187599999999997
460.0,127.65,128.6,415.77241400070494,641.2887079999782,324.6897119999994,416.23842800222343,640.7377360000974,325.3075779999999,415.3063980005682,641.8396820002235,324.0718459999998,2.0,4.80186
460.0,128.6,129.0,415.11039400100714,642.0718160000397,323.8116619999996,415.3064840007574,641.8397420000983,324.0718339999994,414.914302000776,642.3038919999963,323.55148999999983,2.0,8.10516
460.0,129.0,130.0,414.42430400103336,642.884236000129,322.90102599999955,414.91420400142675,642.3038240000606,323.55150399999957,413.93440400064,643.4646480001975,322.25054999999975,2.0,4.55238
460.0,130.0,130.8,413.54286200180655,643.9292360000545,321.73011599999927,413.93444600142544,643.4646760000614,322.25054399999954,413.15127800218767,644.393796000164,321.20968799999946,2.0,3.32682
460.0,130.8,132.1,412.5154680013657,645.1490580000682,320.36391799999956,413.15115400031215,644.3937120001065,321.2097039999999,411.87978200055665,645.9044040001463,319.5181299999995,2.0,2.2507800000000002
461.0,131.35,132.15,408.6789120007307,657.4612820001785,334.73483599999963,409.0739079993219,656.9637140001869,335.22104999999965,408.28391600027686,657.9588520000689,334.24862399999984,2.0,12.308099999999998
462.0,128.66,129.0,416.5095359999687,671.3396360001061,354.29681999999957,416.6739920005203,671.1089180000126,354.4847659999996,416.3450799994171,671.5703520000679,354.1088719999998,2.0,29.637299999999996
463.0,123.15,124.1,420.4142940007151,676.4544340000721,379.3494479999995,420.88026599958545,675.7593000000343,379.7990699999996,419.94832199998206,677.1495659999782,378.8998259999994,2.0,5.56794
463.0,124.1,125.1,419.4580040015281,677.8810900001554,378.42605000000003,419.9481980018318,677.1494980001589,378.89984799999957,418.96781000122434,678.6126820001518,377.9522539999998,2.0,66.00468
463.0,125.1,125.8,418.62504599988466,679.124792000046,377.6202079999998,418.9678760003299,678.6126820001518,377.95218599999953,418.28221400082117,679.6369040000718,377.2882319999999,2.0,11.576880000000001
463.0,125.8,126.45,417.96410600095993,680.1124340000097,376.9797219999996,418.282224001363,679.6369040000718,377.2882219999997,417.6459880005569,680.5879620001651,376.67121999999927,2.0,8.29122
463.0,126.45,127.1,417.3280859999359,681.063488000189,376.3624939999995,417.6459880005569,680.5879620001651,376.6712219999995,417.0101840011776,681.5390159999952,376.05376599999954,2.0,3.06054
463.0,127.1,127.75,416.6925000008196,682.0145400002366,375.74481000000014,417.0101840011776,681.5390159999952,376.05376599999954,416.3748140018434,682.4900640001288,375.43585600000006,2.0,1.72116
464.0,128.7,129.05,413.30632600001996,695.790260000038,397.9462519999993,413.4806820005179,695.5195820002118,398.08348599999954,413.1319720000029,696.0609400002286,397.8090179999999,2.0,0.22638
464.0,129.05,129.5,412.9079040009529,696.4089700001059,397.6324719999998,413.131958000362,696.0609380000969,397.80903199999966,412.68385200016206,696.7570040001301,397.45591399999967,2.0,0.1386
464.0,129.5,130.25,412.3106660004706,697.3370920000598,397.1614179999997,412.68379399925476,696.756994000054,397.45597199999975,411.93753799982375,697.917190000182,396.8668640000001,2.0,0.07727999999999999
465.0,142.8,143.5,377.3301960006357,677.2036739999894,346.9954399999997,377.7205980010331,676.7567239999771,347.3666839999996,376.9397960007191,677.6506260000169,346.62419599999976,2.0,0.7270199999999999
465.0,143.5,143.8,376.7725939992816,677.8420900001656,346.46486999999934,376.93984000012284,677.6505919999909,346.6241079999995,376.6053459998221,678.0335880001076,346.30563200000006,2.0,0.6295799999999999
465.0,143.8,145.2,375.8250300008804,678.9270360000664,345.56208399999923,376.6054120007903,678.0336880001705,346.3056799999995,375.04464800097054,679.8203840000788,344.81848999999966,2.0,0.2163
465.0,145.2,145.8,374.7100360002369,680.2030420000665,344.49973199999977,375.0445840004832,679.8203020000365,344.81845999999996,374.37548799999064,680.5857820002129,344.18100199999935,2.0,1.6606799999999997
466.0,146.8,148.0,365.6581780016423,664.2373999999836,328.24425999999994,366.37854800187057,663.544934000005,328.9087579999996,364.9378060009331,664.9298659999622,327.57976400000007,2.0,4.32516
466.0,148.0,149.0,364.3378439992667,665.5067480001599,327.0254579999996,364.9378820005805,664.9296980001964,327.5795039999998,363.73780600167817,666.0838000000222,326.47141399999964,2.0,1.1103
466.0,149.0,150.0,363.1379260011018,666.6611540000886,325.91751199999953,363.73780600167817,666.0838000000222,326.47141399999964,362.5380460005254,667.2385080000386,325.36361199999965,2.0,0.26265
466.0,150.0,151.0,361.9383220002056,667.8161640001927,324.8098579999996,362.5380460005254,667.2385080000386,325.36361199999965,361.3385980017484,668.3938200001139,324.2561019999994,2.0,0.74295
466.0,151.0,151.6,360.9788659997285,668.7406080000801,323.9239419999999,361.3386240005494,668.3938700001454,324.25612599999977,360.6191060002894,669.0873480001464,323.5917599999998,2.0,0.37725
467.0,152.4,153.65,359.4051460009069,656.4038920000894,307.37242599999945,360.15486000105744,655.7366260000272,308.11753199999976,358.6554320007563,657.0711600000504,306.62731999999914,2.0,0.5295
468.0,148.55,149.0,356.39696400053805,617.4490700000897,294.70175599999993,356.6830519996584,617.2636240000138,294.9954619999994,356.1108740009368,617.6345180000644,294.40805,1.0,2.21872
910.0,315.0,316.0,411.3784007756671,693.3431747762419,383.87232277616016,401.47890800051397,683.1045360000571,374.9271560000002,401.52316400222486,683.8270820002072,373.06276199999957,2.0,1.1927999999999996
929.0,418.8,419.5,525.4708140008152,520.4087440001313,224.38958399999956,525.4398200009018,520.1268740000669,225.02957599999945,525.5018100012094,520.690615999978,223.74959399999943,1.0,0.7641199999999999
929.0,419.5,420.0,525.5239060018212,520.8917020000517,223.2923439999995,525.5018020011485,520.6905740000075,223.74957399999994,525.5460100006312,521.092830000096,222.8351159999993,2.0,0.36660000000000004
929.0,420.0,421.0,525.5901900008321,521.4947100001154,221.9204879999993,525.5459920018911,521.0929500000784,222.83516400000008,525.634387999773,521.8964700001525,221.0058100000001,2.0,0.26265
929.0,421.0,422.0,525.6786280013621,522.2975840000436,220.0908499999996,525.634387999773,521.8964700001525,221.0058100000001,525.7228680010885,522.6986960001523,219.17588999999953,2.0,0.6831
929.0,422.0,423.0,525.7671499997377,523.099162000115,218.2606499999997,525.7228680010885,522.6986960001523,219.17588999999953,525.8114320002496,523.4996260000626,217.34540799999968,2.0,0.3387
962.0,372.0,373.0,515.3849020004272,557.4709040001035,243.08394999999973,515.346028001979,557.2092300001532,244.04832399999987,515.4237760007381,557.7325800001854,242.11957799999982,1.0,1.2893999999999999
962.0,373.0,374.0,515.4626499991864,557.9942540001357,241.15520399999969,515.4237760007381,557.7325800001854,242.11957799999982,515.5015240013599,558.255928000086,240.19083199999977,1.0,1.35408
962.0,374.0,375.0,515.5403980016708,558.5176040001679,239.22645799999964,515.5015240013599,558.255928000086,240.19083199999977,515.5792720001191,558.7792780001182,238.26208599999973,1.0,1.13428
962.0,375.0,375.55,515.6006540004164,558.9231980001787,237.73167999999941,515.5792720001191,558.7792780001182,238.26208599999973,515.6220340002328,559.067120000138,237.20127599999978,2.0,0.21461999999999998
962.0,375.55,376.2,515.6473019998521,559.237208000035,236.5744319999999,515.6220340002328,559.067120000138,237.20127599999978,515.672570001334,559.4072960001649,235.94758999999976,2.0,0.13649999999999998
962.0,376.2,377.0,515.7036700006574,559.616636000108,235.17609200000015,515.672570001334,559.4072960001649,235.94758999999976,515.7347700018436,559.825976000051,234.40459399999963,2.0,0.30156
962.0,377.0,377.6,515.7580939996988,559.9829800002044,233.82596999999942,515.7347700018436,559.825976000051,234.40459399999963,515.7814180012792,560.1399860001402,233.2473460000001,2.0,0.5770799999999999
962.0,377.6,378.25,515.8066860008985,560.3100740000373,232.62050399999953,515.7814180012792,560.1399860001402,233.2473460000001,515.8319540005177,560.4801620001672,231.9936619999994,2.0,0.44183999999999996
962.0,378.25,379.0,515.8611099999398,560.6764180000173,231.2703819999997,515.8319540005177,560.4801620001672,231.9936619999994,515.8902659993619,560.8726739999838,230.54710199999954,2.0,0.34901999999999994
964.0,337.0,337.65,512.194279518244,656.7591415189999,356.0700135188489,505.6862700004131,649.9854220001725,350.16077799999994,505.70716200023895,650.5377340000123,348.98412199999984,2.0,0.64218
964.0,337.65,338.7,512.221407519919,657.4813555188338,354.5312895188489,505.70720800012356,650.5377420000732,348.98412800000006,505.740478001535,651.4298420000123,347.0833259999995,2.0,1.8626999999999998
964.0,338.7,339.45,512.2497055197928,658.2459695190518,352.90200551884925,505.7404420021922,651.4298340000678,347.0833219999995,505.7638420015574,652.0669760000892,345.72556399999985,2.0,0.90006
964.0,339.45,340.2,512.2729535198632,658.8830815189611,351.5442335188485,505.7638420015574,652.0669760000892,345.72556399999985,505.78693800047046,652.704058000003,344.3677739999998,2.0,1.8370799999999998
964.0,340.2,341.15,512.2989435198579,659.6051115190238,350.005403518849,505.7869579996914,652.7040460001444,344.3677679999996,505.81580200046307,653.5110500000883,342.64791199999945,2.0,2.92824
964.0,341.15,341.7,512.3215735184822,660.2422435189691,348.6476295188485,505.8157640006394,653.511056000134,342.6479139999997,505.83225800096994,653.9783040001057,341.6522179999997,2.0,1.12896
964.0,341.7,342.3,512.3387335206244,660.7307415189315,347.60667951884886,505.83226000145083,653.9783020000905,341.6522179999997,505.8500800002367,654.488054000074,340.5660159999993,2.0,2.48262
964.0,342.3,343.0,512.3579315191928,661.282989518866,346.4299675188489,505.8500880002976,654.488054000074,340.5660159999993,505.8706480003894,655.0828000000911,339.29879200000005,2.0,2.78544
966.0,297.7,298.7,403.6563140004874,709.7727180001093,423.0274279999999,403.6385200005025,709.3348780000815,423.92630599999984,403.67410800047224,710.2105580000207,422.1285519999992,2.0,0.04425
966.0,298.7,299.7,403.6918740011752,710.648494000081,421.2297219999996,403.67410800047224,710.2105580000207,422.1285519999992,403.70964200049644,711.0864300001413,420.3308899999997,2.0,0.12029999999999999
966.0,299.7,300.7,403.7273880001158,711.5244560001884,419.4321039999995,403.7096200007946,711.0864500000607,420.33089999999993,403.7451540008188,711.962460000068,418.53330600000027,2.0,0.19980000000000003
966.0,300.7,301.7,403.7630260009319,712.4004280001391,417.63449399999945,403.7451540008188,711.962460000068,418.53330600000027,403.78089800104505,712.8383980002254,416.735682,2.0,0.10755
966.0,301.7,302.7,403.7988760005683,713.2763300001388,415.8368539999997,403.78089800104505,712.8383980002254,416.735682,403.8168540000916,713.7142640001839,414.9380259999998,2.0,0.040799999999999996
966.0,302.7,303.75,403.83584200218326,714.1740560001926,413.99423999999954,403.8168519996107,713.7142640001839,414.9380259999998,403.8548340015114,714.6338480002014,413.05045599999994,2.0,0.1164
984.0,409.0,410.0,491.1563876122291,546.9686756124775,243.61383561226646,481.8839040007443,537.3609020001022,235.3266579999995,482.0401320010424,538.1877100000856,233.51227599999947,1.0,1.26812
984.0,410.0,410.88,491.30324161239514,547.7458736123572,241.9083176122667,482.0401320010424,538.1877100000856,233.51227599999947,482.1776120010764,538.9152999999933,231.9156199999993,2.0,1.22136
984.0,410.88,412.0,491.45946761407504,548.5726816123406,240.09393561226668,482.1776120010764,538.9152999999933,231.9156199999993,482.3525859992952,539.8413260000525,229.88351199999943,2.0,1.5687
984.0,412.0,413.0,491.6250676140244,549.4490996124277,238.1706916122666,482.3525859992952,539.8413260000525,229.88351199999943,482.50881200097507,540.6681340000359,228.0691299999994,2.0,0.23897999999999997
984.0,413.0,414.0,491.78129561245987,550.2759076124112,236.35630961226659,482.50881200097507,540.6681340000359,228.0691299999994,482.6650400012732,541.4949420000194,226.25474799999938,2.0,0.3968999999999999
984.0,414.0,414.26,491.8797176126445,550.796795612323,235.21324761226694,482.6650400012732,541.4949420000194,226.25474799999938,482.7056579999626,541.7099120001076,225.78300799999943,2.0,3.4969199999999994
984.0,414.26,415.25,491.97735961340913,551.3135516124366,234.0792596122669,482.7056579999626,541.7099120001076,225.78300799999943,482.8603240009398,542.5284520001151,223.98676999999952,2.0,0.7114799999999999
984.0,415.25,416.25,492.1328056119437,552.1362256124903,232.2739496122667,482.8603240009398,542.5284520001151,223.98676999999952,483.01655000075704,543.3552600000985,222.17238999999972,2.0,2.72706
984.0,416.25,417.0,492.2695056125576,552.8596816123518,230.68636561226683,483.01655000075704,543.3552600000985,222.17238999999972,483.13372000120586,543.9753659999697,220.8116019999993,2.0,3.46416
984.0,417.0,417.74,492.3858936131055,553.4756536122932,229.33465161226692,483.13372000120586,543.9753659999697,220.8116019999993,483.24932800047105,544.5872040000977,219.46896000000015,2.0,3.5939399999999995
1003.0,360.53,361.0,471.95983233206005,602.606776332795,282.84302233274076,462.4792060013861,592.9942800001008,273.81971399999975,462.49725200049585,593.2760680000065,272.9231259999997,1.0,1.0934
1003.0,361.0,362.0,471.98606433436305,603.0469983329161,281.44074233274097,462.4979680012912,593.2762260000454,272.9231979999995,462.5309580005706,593.8745660000714,271.0150839999992,1.0,0.87612
1003.0,362.0,363.0,472.0153823336217,603.6445063328932,279.5323343327412,462.5309580005706,593.8745600000257,271.0151039999996,462.55660000070935,594.4712500000605,269.10635999999977,1.0,0.42448
1003.0,363.0,363.21,472.0295503334704,604.005200332925,278.3774363327405,462.5557220000774,594.471050000051,269.1062899999997,462.56017400138086,594.5961440000683,268.7053780000001,1.0,0.9581599999999999
1011.0,299.8,300.35,363.18780516565386,734.6822211639962,411.203781163985,353.43231000006205,724.7482820001896,401.9732619999995,353.4470420014114,725.1199000000488,400.93804199999977,2.0,2.22645
1016.0,323.18,324.0,376.0719538642268,678.9344478631799,345.45735986296563,367.0437599997968,669.7417760000098,337.25417400000015,367.1008960008622,670.1278680000687,335.66129399999954,2.0,0.25788
1016.0,324.0,324.76,376.1269958647143,679.3067358630185,343.9228338629657,367.1008960008622,670.1278800001601,335.66129799999953,367.1538440007717,670.4863400001777,334.1851179999999,2.0,0.5128199999999999
1016.0,324.76,325.3,376.17227586304654,679.6135298631095,342.66036386296514,367.15384200215345,670.4863840000471,334.1851280000001,367.1914600003511,670.7414240000071,333.13634799999954,2.0,0.42125999999999997
1016.0,325.3,326.5,376.23294586447884,680.0244178630353,340.97066386296524,367.1914360001684,670.741428000154,333.13634799999954,367.2752040009946,671.3081579999998,330.8057259999996,2.0,0.4590599999999999
1016.0,326.5,327.52,376.3105338638823,680.5486278630967,338.81483786296553,367.27521200105554,671.3081560002174,330.8057259999996,367.3466020002962,671.7898480001604,328.82469799999944,2.0,1.2599999999999998
1016.0,327.52,328.88,376.39393786473084,681.1105858630442,336.50363786296543,367.34658600017434,671.7898520000745,328.82469799999944,367.44203799963003,672.4320680000819,326.1833259999994,2.0,0.12852
239.0,127.0,128.0,542.7863480001688,519.2069800001336,236.55678799999941,542.7995040006936,519.1089080000529,237.55187999999953,542.7731940001249,519.3050520000979,235.56169599999976,2.0,0.41759999999999997
239.0,128.0,129.02,542.7601700015366,519.4053320002276,234.54671999999937,542.7730219997466,519.3052340000868,235.56171399999994,542.7473200019449,519.5054300001357,233.53172399999994,2.0,0.9294
240.0,126.0,127.0,543.9296499993652,496.88655600021593,237.20918999999958,543.9273220002651,496.86524800013285,238.20895999999993,543.9319780021906,496.9078640001826,236.20941999999923,1.0,0.6174
240.0,127.0,128.0,543.9347420018166,496.93031200009864,235.2096759999995,543.9319780021906,496.9078640001826,236.20941999999923,543.9375060014427,496.9527620001463,234.20993199999975,1.0,0.5723199999999999
240.0,128.0,129.0,543.9406980015337,496.9761920000892,233.2102079999995,543.9375140015036,496.9529180000536,234.20993199999975,543.9438820015639,496.9994660000084,232.21048399999927,1.0,2.75548
240.0,129.0,130.0,543.9474720004946,497.0232500000857,231.21077400000013,543.9438820015639,496.9994660000084,232.21048399999927,543.9510620012879,497.04703400004655,230.2110619999994,1.0,0.42588000000000004
240.0,130.0,131.0,543.9550560005009,497.0713280000491,229.21136599999954,543.9510620012879,497.04703400004655,230.21106400000008,543.9590520001948,497.0956220001681,228.21166999999923,2.0,1.12035
240.0,131.0,132.0,543.9634540006518,497.12042800011113,227.2119879999991,543.9590520001948,497.0956220001681,228.21166999999923,543.967854000628,497.1452320001554,226.21230399999968,2.0,1.0284
240.0,132.0,133.0,543.9725820012391,497.1704140001675,225.21263199999976,543.9679340012372,497.14536400011275,226.21230799999967,543.9772299993783,497.19546600000467,224.21295599999985,2.0,1.2276
240.0,133.0,134.05,543.9822040013969,497.2217520000413,223.1632979999995,543.9772280007601,497.19546600000467,224.21295599999985,543.9871780015528,497.24803800019436,222.11363799999936,2.0,0.1728
240.0,134.05,135.0,543.9917700011283,497.27180200011935,221.16394600000012,543.9871840011328,497.2480360000627,222.11363799999936,543.9963540006429,497.2955680000596,220.2142560000002,2.0,0.23385
433.0,118.52,119.67,503.03878000006085,576.7185480002081,271.2815399999995,503.2453900016845,576.3464840000961,272.3498939999995,502.832167999819,577.0906120000873,270.21318599999995,2.0,2.27598
434.0,120.69,121.18,499.98921599984175,559.8962420000462,262.26308199999994,500.07634600065654,559.7724720000988,262.72911799999974,499.9020860008896,560.0200140001252,261.79704799999945,2.0,9.74106
434.0,121.18,122.04,499.7489379998297,560.2373200000729,260.97916999999916,499.90214600041514,560.0199940000894,261.7970299999997,499.5957300011069,560.4546440000413,260.16130799999974,2.0,7.573859999999999
435.0,126.0,127.0,499.90535600110894,532.3953640001127,244.43223999999964,500.07667200081056,532.2522540001664,245.40700799999968,499.7340400014073,532.5384760000743,243.45747399999982,2.0,0.19305
436.0,129.0,129.85,496.842221999541,513.3733360001352,236.69210599999997,496.9888940006495,513.311400000006,237.52706199999966,496.6955500002951,513.435272000148,235.85714999999982,2.0,0.99075
438.0,120.5,121.0,470.06769600138074,568.135394000099,273.13999399999966,470.2134100012482,567.9818700001342,273.59297999999944,469.9219800010324,568.2889160000486,272.6870060000001,2.0,3.4809599999999996
438.0,121.0,121.8,469.689248001203,568.5343900001608,271.9620379999992,469.9218860007823,568.2889540001052,272.6870479999993,469.45661200024193,568.7798260001,271.2370259999998,2.0,1.54644
439.0,116.0,116.95,466.12827800214296,588.5125460001873,292.89030799999955,466.4442060012371,588.1275200000964,293.6992859999996,465.81235199980443,588.8975740000606,292.08133199999975,2.0,1.43262
440.0,109.9,111.0,468.90095799975103,610.4588400002103,318.82332399999996,469.2656200006605,609.8886120001553,319.69042199999967,468.53629400022334,611.0290700001642,317.9562259999998,1.0,1.51256
440.0,111.0,112.0,468.2042960003019,611.5477780001238,317.16836799999965,468.53627000190323,611.029084000038,317.9562439999995,467.8723220005632,612.066473999992,316.3804919999998,1.0,1.00324
440.0,112.0,113.0,467.54007199965423,612.5853999999817,315.59288399999923,467.87215800024575,612.0665320002008,316.3805979999993,467.2079859990627,613.1042680001119,314.80516799999987,2.0,0.33558
440.0,113.0,114.0,466.8761200010777,613.6231940001016,314.0173999999997,467.2079859990627,613.1042680001119,314.80516799999987,466.54425200074917,614.1421200000914,313.22962999999936,2.0,2.10126
440.0,114.0,114.7,466.31210400164133,614.5054100000998,312.6781539999997,466.54428000003105,614.1421260000207,313.22962400000006,466.0799260009081,614.8686920000473,312.1266839999994,2.0,5.473439999999999
442.0,131.0,132.0,462.9874740000815,505.3736720001325,239.40779799999927,463.2631860002876,505.33431000006385,240.3682319999998,462.7117600012571,505.41303600009996,238.44736399999965,1.0,2.15572
446.0,111.16,112.0,448.5662019997836,614.3398600000655,328.3928519999995,448.91888200119143,613.8838060001144,329.0037779999998,448.21352200023836,614.795914000133,327.78192599999966,2.0,1.96434
446.0,112.0,112.7,447.91942200064665,615.1761640001787,327.27308799999946,448.2134240008891,614.795972000109,327.7820259999994,447.6254200004042,615.5563540001167,326.76415,2.0,1.61784
447.0,115.75,116.22,442.609546000138,602.2979220001725,311.90508399999953,442.8130959998817,602.0824480002047,312.26982599999974,442.4059960003943,602.5133980001556,311.54033999999956,2.0,2.2243199999999996
448.0,126.06,126.47,438.3121579997242,560.752516000066,270.790074,438.47510799951857,560.6471040000906,271.1512339999995,438.14921000041073,560.8579280001577,270.4289140000001,1.0,2.29208
449.0,124.65,125.0,447.1125460006297,540.9949860001216,264.8509399999998,447.24324200116104,540.9268239999656,265.1683859999998,446.98184800148016,541.0631460001459,264.5334939999998,2.0,0.9975
450.0,129.35,129.85,445.98769600130623,519.4490680000745,250.4637819999998,446.1675359997899,519.3994500000263,250.92767400000002,445.80785600095993,519.4986840001075,249.9998899999996,1.0,2.09384
451.0,134.0,135.0,442.8095340002329,488.9452960001072,240.29436599999963,443.17164000123745,488.95563200023025,241.22644399999945,442.44742600061005,488.93496000010055,239.36228599999959,1.0,5.9343200000000005
454.0,136.75,138.0,423.5855180006475,491.64937400002964,241.9976059999999,424.09381800144916,491.64793000009377,243.13958999999977,423.0772179998458,491.6508180000819,240.85562199999958,1.0,1.32888
454.0,138.0,139.0,422.67022399976855,491.6518620001152,239.94219199999998,423.0771800000221,491.6508060002234,240.85563999999977,422.26327000185853,491.65291800000705,239.02874399999973,1.0,1.9753999999999998
454.0,139.0,140.3,421.73386000096804,491.65417600004,237.8414259999995,422.2633180003614,491.65293400001246,239.02872199999956,421.20440199971205,491.6554180000676,236.65412999999944,1.0,2.15488
455.0,127.0,128.0,425.9381980001927,512.9238780001178,263.8838899999996,426.3801420014352,512.8417280000867,264.7771640000001,425.4962560012937,513.0060260000173,262.9906179999998,1.0,5.9472
455.0,128.0,129.0,425.05416000075644,513.0881040000822,262.0974119999996,425.4961480014027,513.005986000062,262.99066599999924,424.61217000149196,513.1702200000873,261.20415799999955,1.0,4.2042
457.0,125.75,127.0,412.76246000081306,558.405614000163,282.7117019999996,413.3888140022755,558.0850020000944,283.74484799999937,412.13610600121325,558.7262259999989,281.6785579999996,1.0,2.11316
458.0,118.62,119.0,421.43284999951726,574.2697000000626,303.1438379999995,421.62809200212365,574.1376200000523,303.4418899999996,421.23761000111705,574.4017820002045,302.84578399999964,1.0,4.67796
459.0,125.94,127.0,410.41824400052434,605.9191600000486,306.9371019999994,410.96509600058204,605.4479419999989,307.7133159999994,409.87139400094753,606.390376000083,306.16088799999943,1.0,0.88844
459.0,127.0,128.0,409.35511600039905,606.8345820001559,305.4286740000002,409.87138199992484,606.3903660000069,306.16088999999965,408.8388480003924,607.2787980001885,304.69645799999944,1.0,1.8017999999999998
459.0,128.0,128.41,408.62703000009066,607.4607960000867,304.3962740000002,408.83874399960047,607.2787040001713,304.69647399999985,408.41531600058084,607.6428880001185,304.0960759999998,1.0,1.57584
468.0,121.9,122.2,390.304418001324,595.4133460001322,329.65326799999957,390.4942180011422,595.2890840000473,329.8495719999996,390.1146180015058,595.5376060002018,329.45696399999997,2.0,0.90375
469.0,130.0,131.0,396.36594800092286,530.6096240000334,276.0568639999997,396.9122299998999,530.4601920000277,276.8810279999998,395.8196640014649,530.7590560001554,275.2327,1.0,0.9853199999999999
470.0,125.6,126.0,411.611612001434,514.294634000049,275.63366399999995,411.8098300006241,514.2551020000828,275.97883999999976,411.4133940003813,514.3341660000151,275.2884859999999,1.0,2.00424
470.0,126.0,127.0,410.9177280012519,514.4330440000631,274.4256199999995,411.4134459998459,514.3341460000956,275.28845399999955,410.4220080003143,514.5319400001317,273.5627879999993,1.0,1.35492
470.0,127.0,128.0,409.9260400012136,514.6309320002329,272.70010799999955,410.4220080003143,514.5319400001317,273.5627879999993,409.43007000163203,514.7299239999847,271.8374279999998,1.0,2.55332
470.0,128.0,129.0,408.93405799940234,514.8290380000835,270.97478799999953,409.4298640005291,514.729898000136,271.8375439999995,408.4382540006191,514.9281760000158,270.1120299999993,1.0,2.5185999999999997
470.0,129.0,130.0,407.9430260006339,515.0275120001752,269.24896599999965,408.4382540006191,514.9281760000158,270.1120299999993,407.4477980006487,515.1268500000006,268.38589999999976,1.0,1.7793999999999996
470.0,130.0,131.0,406.953148001805,515.226386000053,267.52252799999997,407.4477980006487,515.1268500000006,268.38590199999953,406.4584980010987,515.3259200000903,266.65915399999994,1.0,3.0847599999999997
470.0,131.0,132.1,405.91502000205224,515.4356280000648,265.70910399999957,406.4584680013359,515.3259100000141,266.65916999999945,405.3715740013868,515.5453460001154,264.7590359999999,1.0,1.18384
913.0,347.75,348.02,409.99564999923933,556.8518119984062,294.3128079982496,408.20576000027364,554.9865480001317,292.78336599999966,408.2091300003231,555.1406640001805,292.2658359999996,1.0,4.79192
914.0,362.53,363.21,411.71864784954647,504.1708818503289,257.257293850324,402.41781200096017,494.7465720002074,248.6307759999995,402.43178600072866,495.0074940001359,247.29611399999976,1.0,0.9548
918.0,418.2,418.9,417.50444399937993,404.83216000010725,200.6329039999996,417.4751540012658,404.54687800013926,201.2714619999997,417.53373400121933,405.11744200007524,199.99434399999973,1.0,0.9166
918.0,418.9,420.0,417.57958599925047,405.56607000005897,198.9910359999999,417.5337719991804,405.11736800009385,199.99431400000003,417.6253980007023,406.0147720001405,197.987756,1.0,0.6958
918.0,420.0,421.0,417.66685000061995,406.42310200002976,197.0758639999999,417.6253440007568,406.014822000172,197.98777599999949,417.708358000964,406.8313820002368,196.16394999999966,1.0,0.8373
918.0,421.0,422.0,417.74982400052255,407.2399540001061,195.2521659999993,417.708358000964,406.8313820002368,196.16394999999966,417.79128799960023,407.6485260000918,194.34038399999963,1.0,0.7782
918.0,422.0,423.0,417.8327099997551,408.0573900002055,193.42872999999963,417.79128799960023,407.6485260000918,194.34038399999963,417.8741340003908,408.466256000218,192.51707399999987,1.0,0.679
918.0,423.0,424.0,417.91551400162285,408.8754120001104,191.60554999999977,417.8741340003908,408.466256000218,192.51707399999987,417.95689400099224,409.2845680001192,190.6940239999999,1.0,0.4145
918.0,424.0,425.0,417.9982300009579,409.69401800003834,189.78262799999993,417.95689400099224,409.2845680001192,190.6940239999999,418.03956800140446,410.1034660000587,188.87123199999996,1.0,0.4059
918.0,425.0,425.55,418.06229200214153,410.3288160000229,188.3700319999998,418.03954800032085,410.1035400001565,188.87126399999988,418.0850340016187,410.55409200000577,187.86879999999974,1.0,0.7129
918.0,425.55,426.0,418.10367600061005,410.738404000178,187.45869999999968,418.0850380007178,410.55409000022337,187.86879999999974,418.12231200188404,410.9227180000162,187.0486019999994,1.0,1.8658
919.0,435.0,436.0,428.6955440007151,355.5088420000393,145.53056399999969,428.653831999749,355.17428800009657,146.47201799999993,428.7372580002994,355.84339600009844,144.58911199999966,1.0,0.6962
919.0,436.0,437.0,428.77922200039035,356.17835000006016,143.6478119999997,428.7372580002994,355.84339600009844,144.58911199999966,428.8211880009622,356.5133020001231,142.70651199999975,1.0,0.4257
929.0,415.0,416.0,525.1459940001369,517.4600020000944,231.05961599999955,525.1012800000608,517.0548000000417,231.9727499999999,525.1907080002129,517.8652020001318,230.14648399999942,2.0,0.19035000000000002
930.0,420.55,421.55,522.2316680721754,442.5169540708933,187.35555207073304,518.5613120011985,438.52090600016527,184.65373599999975,518.6365939993411,439.2475740000373,182.7919399999996,1.0,0.8693
930.0,421.55,422.55,522.3070620711708,443.2438380707802,185.49384407073313,518.6365939993411,439.2475740000373,182.7919399999996,518.7121019996703,439.97467400005553,180.9303219999997,1.0,0.3313
930.0,422.55,423.5,522.3807880714351,443.95296807087044,183.67885207073306,518.7121040001512,439.9746800001012,180.93032399999993,518.7840439993888,440.6658280000556,179.16195199999947,1.0,0.1547
945.0,380.0,381.0,334.87944569678683,519.2070816965557,245.65463169637374,321.5062460005284,505.61788600008003,233.29163399999925,321.5989260002971,506.1425580000505,231.3639079999998,1.0,0.2307
945.0,381.0,382.0,334.972263698072,519.7310456964902,243.72671769637387,321.5989260002971,506.1425580000505,231.3639079999998,321.69188000075525,506.66581400018185,229.43580999999995,1.0,0.2816
945.0,382.0,382.93,335.06209169754464,520.2353276963828,241.86593169637368,321.691884001717,506.66579000023194,229.43580399999973,321.7785780020059,507.15114600013476,227.64233999999988,1.0,0.3068
945.0,382.93,383.7,335.1414236971893,520.6784196964715,240.22661169637345,321.77858600020414,507.1510960001033,227.6423279999999,321.8505420014263,507.55202399997506,226.1571759999997,1.0,0.3941
945.0,383.7,384.3,335.20550169849474,521.0347556964977,238.9053176963736,321.85054999962455,507.55198200023733,226.1571659999995,321.9067340008915,507.86381000012625,224.99975199999926,1.0,0.126
945.0,384.3,384.8,335.2570436974772,521.3203856964379,237.84429969637372,321.90673599950975,507.8637919999892,224.99974599999996,321.9536300003529,508.1232580000069,224.0351339999993,1.0,0.3816
945.0,384.8,385.37,335.30725969614167,521.5978156965708,236.81210969637382,321.9536240007729,508.12325400009286,224.0351299999993,322.00717600062495,508.418656000169,222.93537199999946,1.0,0.1601
945.0,385.37,386.0,335.36371169665534,521.9086636964481,235.65444569637398,322.00717199966317,508.41866200009827,222.93537199999946,322.0665320008994,508.74494600016624,221.71979999999985,1.0,0.3076
945.0,386.0,387.0,335.44065369719345,522.3305736964818,234.08187769637394,322.0664959996939,508.7449880001368,221.71981000000005,322.16109200194484,509.26244000019506,219.79022599999962,1.0,0.2104
962.0,364.6,365.3,514.7979040015489,553.5196180000203,257.645982,514.7706920020282,553.3364460001467,258.32104399999935,514.8251160010695,553.7027900002431,256.9709199999993,2.0,0.8000999999999999
962.0,365.3,366.0,514.8523260001093,553.8859640001319,256.2958600000002,514.8251160010695,553.7027900002431,256.9709199999993,514.87953799963,554.069136000122,255.62079799999947,2.0,0.1785
962.0,366.0,367.0,514.9184120018035,554.3308100000722,254.65642599999956,514.87953799963,554.069136000122,255.62079799999947,514.9572880007327,554.5924840000225,253.69205199999942,2.0,0.27972
971.0,423.21,424.37,427.3486000001431,435.0780560001731,202.12850199999957,427.2747820001096,434.62493600009475,203.19378599999982,427.4224200006575,435.53117800015025,201.06321799999978,1.0,1.2764
971.0,424.37,425.53,427.49690600112086,435.9837560001761,199.997746,427.4224200006575,435.53117800015025,201.06321599999956,427.57139000110334,436.43633200018667,198.93227599999955,1.0,0.52
976.0,426.74,427.0,575.2581120003015,350.9620400001295,189.4646499999999,575.2428280021995,350.85502600006294,189.70111199999974,575.273398000747,351.0690520000644,189.22818599999982,1.0,1.3429
976.0,427.0,428.0,575.3322920016944,351.4805499999784,188.3186799999994,575.2733340002596,351.06910600012634,189.22820799999954,575.3912519998848,351.89199200004805,187.40915399999994,1.0,0.547
976.0,428.0,429.0,575.450484002009,352.3032020000974,186.4995399999998,575.3912519998848,351.89199200004805,187.40915399999994,575.5097180008888,352.7144120001467,185.58992599999965,1.0,0.6984
976.0,429.0,430.0,575.569226000458,353.1253920000745,184.6802259999995,575.5097180008888,352.7144120001467,185.58992599999965,575.6287340018898,353.5363700001035,183.7705259999998,1.0,0.7184
976.0,430.0,431.0,575.6884400006384,353.94719199999236,182.86076599999933,575.6288120001554,353.5362960001221,183.7704960000001,575.7480700016022,354.3580900002271,181.95103599999993,1.0,1.2927
976.0,431.0,432.0,575.8076640013605,354.7690560001647,181.04133599999977,575.7480700016022,354.3580900002271,181.95103599999993,575.8672579992563,355.1800220001023,180.13163599999962,1.0,1.4687
976.0,432.0,432.58,575.9018019996583,355.4184260000475,179.60402799999974,575.8672519996762,355.1800340000773,180.1316399999996,575.9363519996405,355.65681800001767,179.07641399999966,1.0,1.4247
981.0,425.0,426.0,552.7808420006186,301.00774999998976,171.8924119999997,552.7434000000358,300.6597460000776,172.82915799999955,552.8182840012014,301.35575200011954,170.9556679999996,1.0,2.6912
981.0,426.0,427.1,552.8596100006253,301.73846800008323,169.92521999999917,552.8182780016214,301.35575600015,170.9556679999996,552.90094400011,302.12117800011765,168.89477199999965,1.0,1.2446
981.0,427.1,428.07,552.9375280011445,302.4585740000475,167.9860779999999,552.900952000171,302.1211720001884,168.89476999999943,552.9741019997746,302.7959760000231,167.07738399999926,1.0,0.7553
981.0,428.07,428.55,552.9922679997981,302.96289600012824,166.62770999999975,552.97412600182,302.7959620001493,167.07737999999972,553.0104120001197,303.1298300001072,166.1780379999991,1.0,0.5458
981.0,428.55,429.2,553.0350200012326,303.3558620001422,165.56910199999948,553.0104060005397,303.1298340000212,166.17803999999978,553.0596360005438,303.5818900001468,164.96016400000008,1.0,2.5016
981.0,429.2,429.92,553.0869620013982,303.83222000009846,164.2856359999996,553.0596320014447,303.5818920000456,164.96016400000008,553.1142900008708,304.0825500000501,163.6111079999996,1.0,2.3019
984.0,401.9,403.0,490.0549876131172,541.1396776123493,256.4052276122665,480.7746920008213,531.4905640002107,248.20876799999996,480.9465420003981,532.40005200007,246.21294799999941,2.0,4.931219999999999
989.0,396.0,397.0,476.8809415117339,478.22832151027063,239.59670551023999,468.363712001592,469.3967960001901,232.05908199999976,468.4625120013953,470.1241900002351,230.1986699999993,1.0,0.71568
993.0,395.95,396.95,467.2988536134417,419.05951561243813,218.07410961226694,458.08026600070303,409.5587460001698,209.83133399999952,458.1286999993027,410.1715480001876,207.92814599999974,1.0,1.17208
993.0,396.95,397.95,467.3473936133141,419.67230961251147,216.17092161226626,458.1286999993027,410.1715480001876,207.92814599999974,458.1773460004479,410.7843320001848,206.0249560000002,1.0,0.3876
993.0,397.95,398.95,467.3961476143504,420.28508761234656,214.26773161226672,458.1773460004479,410.7843320001848,206.0249560000002,458.2262079995126,411.3971020000754,204.12176799999997,1.0,0.7392
993.0,398.95,399.45,467.43285361305425,420.7446576124111,212.84033961226666,458.2262280005962,411.39710000006016,204.12176799999997,458.2507380004973,411.7034780001268,203.17017399999986,1.0,0.478
993.0,399.45,399.75,467.4524776116068,420.98975961248465,212.07906561226716,458.25074200145906,411.70347600011155,203.17017399999986,458.26547400094574,411.8873020000756,202.59921599999961,1.0,0.4245
997.0,392.28,393.0,550.872126000002,427.57479800016154,185.4744039999996,550.868562001735,427.466806000215,186.18624999999975,550.8756879996508,427.6827920000069,184.76255799999944,1.0,0.8411
997.0,393.0,394.0,550.8807720001787,427.83288000011817,183.77389799999946,550.875665999949,427.68277600000147,184.76255600000013,550.8858800008893,427.98298400000203,182.78524199999993,1.0,0.3601
997.0,394.0,394.83,550.8902700003237,428.10768000013195,181.96467399999983,550.8858940005302,427.9829940000782,182.78524199999993,550.8946460001171,428.2323660000693,181.14410399999952,1.0,0.9759
1003.0,347.84,349.0,471.4222523318234,595.1983223328929,306.38920233274104,461.92613800056284,585.3784980002092,298.02382999999963,461.97516000084585,586.0749420000939,295.81137199999966,2.0,1.2368999999999999
1003.0,349.0,350.0,471.4678723336759,595.8468143328422,304.3293543327407,461.97515800036496,586.0749460001243,295.8113739999999,462.01738400198525,586.6754760000622,293.90412999999944,2.0,1.2940199999999997
1003.0,350.0,351.0,471.5101483324173,596.4473623328007,302.4221163327409,462.01731600053614,586.6755220001796,293.90414199999987,462.0597780011595,587.2760000000708,291.9968879999992,2.0,0.63168
1003.0,351.0,352.0,471.55286633499,597.0477223328411,300.51483033274127,462.0597780011595,587.2760000000708,291.9968859999999,462.1027499996126,587.8762400001287,290.0895679999999,2.0,0.6846
1019.0,353.0,354.0,371.5216759833219,589.5946859813938,330.47346998135015,369.51194800063973,587.1855380001944,329.4058579999996,369.6128380000592,588.0852660000091,327.62251599999945,1.0,12.09908
1026.0,372.0,372.57,372.25370417892304,512.8708861788812,263.47716017890906,362.2621180005372,502.719299999997,254.0422239999998,362.29023400135344,503.06741600006353,252.95703999999978,1.0,0.8514799999999999
1026.0,372.57,373.64,372.2942761795905,513.3716761790758,261.9160181789086,362.290198000148,503.067420000094,252.95703999999978,362.34329600073403,503.7208760000067,250.919942,1.0,2.53624
1026.0,373.64,374.64,372.3458321800765,514.0037421790959,259.9455541789086,362.34330400079494,503.7208760000067,250.919942,362.39330400154,504.33155200013425,249.01611000000003,1.0,2.3637599999999996
1026.0,374.64,375.64,372.3960101789173,514.6144041790004,258.0417221789086,362.39332000166183,504.3315420000581,249.01610600000004,362.4436440002174,504.94221000012476,247.11228200000005,1.0,3.43532
1026.0,375.64,376.64,372.44637018054095,515.2251361789723,256.1379181789086,362.4436440002174,504.94221000012476,247.11228200000005,362.4940400011838,505.55300600011833,245.2084979999995,1.0,3.4784399999999995
1026.0,376.64,377.67,372.4975621791866,515.8451601791504,254.20560017890895,362.4940400011838,505.55300600011833,245.2084979999995,362.546028001234,506.1822580000153,243.2476459999998,1.0,2.8531999999999997
1026.0,377.67,378.71,372.5498421805289,516.4775341790711,252.2352541789089,362.546028001234,506.1822580000153,243.2476459999998,362.5986000001431,506.81775600020774,241.26780399999961,1.0,4.6396
1036.0,381.71,382.0,371.70636258085284,472.18116258035434,227.083334580374,368.1925940010697,468.6014000000432,223.86039600000004,368.2159219998867,468.7567140001338,223.30206399999997,1.0,1.7538
1036.0,382.0,383.0,371.7583085819802,472.5266365805596,225.84154258037418,368.2158880010248,468.75669600011315,223.30205799999976,368.2965200003237,469.29236600000877,221.3768159999995,1.0,1.4539
1043.0,385.0,386.93,366.6878452409041,396.58517924088335,208.02077124076948,356.77170400135225,386.3976220001932,200.03537599999981,356.8188380002976,386.98758800013456,196.2210199999995,1.0,0.2071
1043.0,386.93,387.0,366.7127312399429,396.89082124093363,206.04442124076957,356.8192700017244,386.9875520000933,196.2210199999995,356.8210439998657,387.0089440001175,196.08267599999954,1.0,0.98476
