Easting,Northing,Elevation,Expl Cu,BH Cu,Ore Control Area
26.583067941994358,27.712766272737667,0.5,0.22100000000000003,,0
77.27941300634525,25.350438441897623,0.5,0.38000000000000006,,0
126.88706602435907,27.535255295982648,0.5,0.328,,0
176.39109550575486,27.80187848447069,0.5,1.566,,0
226.99897509722925,25.614169786309354,0.5,0.6100000000000001,,0
277.80427737112456,27.823239501740026,0.5,0.7000000000000001,,0
328.3003622939064,26.43907485736238,0.5,0.5,,0
375.538179483878,27.954364827854253,0.5,0.514,,0
426.6836147915494,27.786802581982936,0.5,0.30800000000000005,,0
475.06895920144893,25.648173667217677,0.5,0.11400000000000003,,0
527.2563298044482,28.819350681505497,0.5,0.41600000000000004,,0
577.500154446064,28.074593008265882,0.5,0.197,,0
627.6336844713752,25.088543080168087,0.5,0.518,,0
675.994894244869,26.636199907274687,0.5,0.328,,0
728.1462096400874,28.60491074055912,0.5,0.25900000000000006,,0
778.6011742290962,25.72526695276576,0.5,0.5700000000000001,,0
828.6688602978347,28.636594344999903,0.5,0.22800000000000004,,0
877.0063369597245,28.608997700973145,0.5,0.41800000000000004,,0
928.9450669238562,25.840735137812263,0.5,0.594,,0
976.2121762966344,28.910621391771357,0.5,0.633,,0
25.871869575985738,76.74542964823272,0.5,0.16600000000000004,,0
77.63736167800135,78.9352460635167,0.5,0.43500000000000005,,0
125.45480530781995,75.70005411805487,0.5,0.888,,0
175.29207988328088,75.89467244130503,0.5,0.594,,1
225.69834726861404,78.92135951818761,0.5,0.17100000000000004,,1
278.83595939130095,75.8796592402125,0.5,0.611,,0
325.4671659626016,78.82095916675596,0.5,0.278,,0
375.20367740261764,77.3066711943653,0.5,0.16300000000000003,,0
426.7899185906966,76.77313381710331,0.5,0.797,,0
475.01089459976083,77.7150868569105,0.5,0.41600000000000004,,0
528.2155494917192,77.54801005625367,0.5,0.242,,0
576.636376062354,75.11646557624964,0.5,0.7770000000000001,,0
625.4924715219812,78.7857395730494,0.5,0.401,,0
675.8485046586353,76.61482831636567,0.5,0.689,,0
728.1281615144412,77.05281272988935,0.5,0.477,,0
778.8469453967764,78.7535987988996,0.5,0.54,,0
826.4665528033257,76.25861900683225,0.5,0.491,,0
875.4456692788336,78.39770729106421,0.5,0.665,,0
928.4668714247721,75.42408794526841,0.5,0.594,,0
978.7885258609007,76.92664929318815,0.5,0.529,,0
25.258535390905255,125.00540129790511,0.5,0.527,,0
78.95958583858312,128.14060846852038,0.5,0.484,,1
128.14845584724165,125.69272603904543,0.5,0.7989999999999999,,1
177.15731376498968,125.22211604419476,0.5,0.44700000000000006,,1
228.15559483563297,128.36519815386427,0.5,0.357,,1
276.7080585561853,127.92866538290829,0.5,0.477,,1
327.0681156164978,127.62039026556992,0.5,0.28900000000000003,,0
376.7790369879482,128.66985345086837,0.5,0.611,,0
425.88597240005765,126.74821417322184,0.5,0.377,,0
476.90747514242025,127.40766942340568,0.5,0.338,,0
528.1306861391894,128.03011607728564,0.5,0.53,,0
575.229446125161,125.98750853244188,0.5,0.307,,0
626.7036400672496,125.32048787444042,0.5,0.22800000000000004,,0
675.5533993187252,125.58375903631523,0.5,0.484,,0
727.4713540283054,127.3273480935149,0.5,0.42600000000000005,,0
777.7072170965786,128.96695047560289,0.5,0.45000000000000007,,0
827.5200476536212,127.90881426611476,0.5,0.20500000000000002,,0
876.4725663560959,126.00431427267917,0.5,0.21100000000000002,,0
926.6268228665992,126.11933271109541,0.5,0.337,,0
978.8759909141944,125.12122136012458,0.5,0.053000000000000005,,0
26.57167082553932,176.58629060180652,0.5,0.274,,0
77.46446093843784,175.82056158265402,0.5,0.43800000000000006,,0
127.42719403686523,177.54375177316354,0.5,0.272,,1
178.76346606808085,178.33153825815154,0.5,0.4790000000000001,,1
225.42095471935892,175.90297822545682,0.5,0.43300000000000005,,1
278.97947024583414,177.9649991645994,0.5,0.192,,1
326.53875814754997,177.03055968685874,0.5,0.34700000000000003,,1
376.5119018475258,177.93424645567623,0.5,0.641,,1
426.709734912491,176.0107373796081,0.5,0.361,,0
477.4453173804409,178.87049447637784,0.5,0.29400000000000004,,0
528.3197092009946,176.9634776669079,0.5,0.301,,0
577.8242854336206,178.89397073849113,0.5,0.29500000000000004,,0
628.245116406875,175.51899595032057,0.5,0.301,,0
675.1035865208452,175.49658820237357,0.5,0.35200000000000004,,0
727.4873077340133,177.32535176456906,0.5,0.266,,0
777.8447338407244,176.46166428170815,0.5,0.378,,0
828.7576864431322,177.71617305834476,0.5,0.44200000000000006,,0
875.8815025132976,177.7736619215672,0.5,0.34700000000000003,,0
928.0695708993231,177.73401285413243,0.5,0.596,,0
975.5743985532569,177.58523537068334,0.5,0.718,,0
28.785206909734903,228.92688957489716,0.5,0.36400000000000005,,0
76.68254200176597,226.609862297047,0.5,0.35500000000000004,,0
125.92472294005536,226.1191329390781,0.5,0.44700000000000006,,0
178.1372130350673,227.4141511765839,0.5,0.5680000000000001,,1
227.62604878567853,226.66525141300255,0.5,0.198,,1
278.0307548822769,225.37997530031987,0.5,0.302,,1
327.0424429531799,228.1577139900665,0.5,0.277,,1
377.20311470632004,226.7960826563903,0.5,0.301,,1
427.0934248837986,227.26720649836545,0.5,0.36300000000000004,,1
476.33678607555254,225.40969266125066,0.5,0.35900000000000004,,0
527.7731928931414,228.3813960067742,0.5,0.34800000000000003,,0
578.646907053749,225.2624228161814,0.5,0.356,,0
627.6182782479025,228.34941050257956,0.5,0.514,,0
676.3239046857452,228.56813092143443,0.5,0.291,,0
725.0313899707729,226.78481737863873,0.5,0.44599999999999995,,0
776.4847748943038,225.46702893779675,0.5,0.278,,0
827.7233356980387,226.3888783094278,0.5,0.313,,0
878.0330701421013,228.28666795698592,0.5,0.37000000000000005,,0
925.408851265739,225.19017770844005,0.5,0.396,,0
975.4852709711912,226.95154178945765,0.5,0.5680000000000001,,0
28.127135950421856,278.24553185734,0.5,0.279,,0
75.8846611247824,278.02194157997144,0.5,0.397,,0
127.7211950717011,277.81621052849977,0.5,0.546,,0
175.35051650174643,277.1875340202355,0.5,0.193,,0
226.7672513567562,277.469890400003,0.5,0.052000000000000005,,0
275.8444969128667,276.08917422245014,0.5,0.196,,1
328.8856368219336,276.6575184907374,0.5,0.43000000000000005,,1
376.2623565831403,275.4029621902716,0.5,0.135,,1
428.86740063983996,278.41737349044763,0.5,0.38400000000000006,,1
475.9742368657736,275.54270471667536,0.5,0.35800000000000004,,1
528.6698711961081,278.1884680032118,0.5,0.532,,1
576.4749799782293,276.63571896808537,0.5,0.383,,0
628.5464834896409,275.63543685723994,0.5,0.388,,0
677.2704604496457,278.66139800808065,0.5,0.37900000000000006,,0
726.3822748169744,278.1677249767443,0.5,0.477,,0
776.1558940547004,275.32059814070186,0.5,0.31500000000000006,,0
828.2483096365995,276.2536536814496,0.5,0.356,,0
878.1199787689485,276.447455337079,0.5,0.22800000000000004,,0
928.2619749732899,275.094730119956,0.5,0.30900000000000005,,0
975.8034226207584,276.23681750608483,0.5,0.085,,0
28.279358454768737,325.82611469191636,0.5,0.403,,0
76.8281666074333,328.92707158880734,0.5,0.338,,0
125.14097730922293,326.18837233070843,0.5,0.16900000000000004,,0
177.58266953298482,325.43488261874234,0.5,0.17800000000000005,,0
226.33379529781442,328.6610814436324,0.5,0.127,,0
276.3109875478078,325.41730325691213,0.5,0.32000000000000006,,0
326.7677977820965,326.9852511553067,0.5,0.246,,0
378.4964633611399,327.89063943918444,0.5,0.338,,1
426.0536256588325,326.5686810961478,0.5,0.22800000000000004,,1
475.0548327832203,328.91919473586927,0.5,0.269,,1
527.6637144517765,328.892132241917,0.5,0.247,,1
578.7256826556049,325.8123051130448,0.5,0.389,,1
628.4264092326464,328.63507511744695,0.5,0.332,,0
676.7586175496332,327.7284765951094,0.5,0.43599999999999994,,0
728.4872945298089,328.7446323989941,0.5,0.396,,0
776.0568504564195,327.0971233091417,0.5,0.14900000000000002,,0
826.2854742385485,327.2494153810113,0.5,0.33000000000000007,,0
877.3580707950226,326.0436526126754,0.5,0.633,,0
927.9611852992388,326.9628146141979,0.5,0.185,,0
977.0414755981883,328.89075689952944,0.5,0.08700000000000001,,0
27.85044665253011,375.78870881353896,0.5,0.22000000000000003,,0
76.5581782609731,378.59576294823233,0.5,0.42900000000000005,,0
128.55839863632625,377.9256109825835,0.5,0.29300000000000004,,0
175.8547674831861,375.9132263222332,0.5,0.21400000000000002,,0
228.73442227308652,376.8062973270511,0.5,0.34800000000000003,,0
278.81338690574364,377.6760278393109,0.5,0.252,,0
328.23320030907195,377.8080455192644,0.5,0.313,,0
376.8443807484352,378.11682502738955,0.5,0.42500000000000004,,0
426.81343035774,376.4531069680075,0.5,0.020000000000000004,,0
478.0772019827417,375.3456304870065,0.5,0.16800000000000004,,1
525.0653199433323,378.1488131537502,0.5,0.06999999999999999,,1
575.2564303467287,377.2431927156973,0.5,0.22500000000000003,,1
627.1113616318563,375.51340757796316,0.5,0.312,,1
678.0813809410854,378.4810413667609,0.5,0.21700000000000003,,1
725.1717368668709,376.02479071698247,0.5,0.15100000000000002,,0
775.6593404650008,375.10616279096394,0.5,0.332,,0
826.7808292038724,375.7889076310581,0.5,0.6739999999999999,,0
875.8455793768193,377.81485144137235,0.5,0.25000000000000006,,0
925.4461292039787,378.50391538599285,0.5,0.38000000000000006,,0
978.2103006525338,376.56721804557594,0.5,0.23000000000000004,,0
28.903622870851784,425.152820070381,0.5,0.491,,0
77.7373694928107,428.016275069787,0.5,0.44599999999999995,,0
125.86346523860166,425.14456889710397,0.5,0.34700000000000003,,0
176.33514732297934,426.48890565814406,0.5,0.42700000000000005,,0
225.60702478472513,425.56993288449866,0.5,0.22000000000000003,,0
278.5540763977105,426.08727659458884,0.5,0.12400000000000001,,0
326.77839141967786,427.84484271388635,0.5,0.117,,0
377.2810219067271,428.24200356455685,0.5,0.03900000000000002,,0
426.32688193183884,428.6503762056212,0.5,0.08100000000000003,,0
475.8026100498334,428.6719178952493,0.5,0.135,,0
528.3492160475668,425.6363234518467,0.5,0.22500000000000003,,1
576.3309878157049,426.2490625778403,0.5,0.10400000000000002,,1
628.479450727167,426.55610592686145,0.5,0.21300000000000002,,1
677.6149151416315,425.9781533216879,0.5,0.317,,1
725.7051284693009,428.021517457823,0.5,0.5489999999999999,,1
777.1334685507603,426.3698154780091,0.5,0.41300000000000003,,0
828.9982914539196,427.08674004172934,0.5,0.22500000000000003,,0
877.2150484134011,428.6878202451415,0.5,0.17000000000000004,,0
926.1008886884114,425.81320266573186,0.5,0.318,,0
976.887159967277,428.59191761712106,0.5,0.41300000000000003,,0
28.910646852899088,476.4709739935459,0.5,0.196,,0
75.29702327107653,475.16085756909894,0.5,0.264,,0
125.39473770722469,476.57663005715204,0.5,0.29300000000000004,,0
177.2553214448128,476.79631312942035,0.5,0.23300000000000004,,0
227.3541595194343,477.433147043731,0.5,0.133,,0
275.18876027466075,475.1761408987157,0.5,0.06600000000000002,,0
327.40403964976565,478.21108991012005,0.5,0.04700000000000003,,0
375.9071732669248,476.95337200969504,0.5,0.12400000000000001,,0
428.30457413492775,476.6268417564574,0.5,0.338,,0
475.94135959011174,476.5601831371023,0.5,0.545,,0
528.6261538583324,476.77901006855785,0.5,0.29400000000000004,,0
576.5611173247095,478.01015052541266,0.5,0.25500000000000006,,0
628.6649654283942,478.91517703010925,0.5,0.05700000000000001,,1
676.6065665099936,478.8427444227283,0.5,0.327,,1
728.3828216527135,478.10749913719917,0.5,0.016000000000000014,,1
777.639022111321,477.0222053875564,0.5,0.011000000000000024,,1
826.5464337220334,477.1723667013425,0.5,0.16900000000000004,,1
878.0512571807286,478.75882056453526,0.5,0.32400000000000007,,0
925.8244083602933,478.7600803342153,0.5,0.20400000000000001,,0
977.2321408503246,477.80797916859296,0.5,0.115,,0
27.381481756030578,526.230992686242,0.5,0.546,,0
77.32264072075444,527.6194958570168,0.5,0.188,,0
126.88328196077244,526.4450154917614,0.5,0.46799999999999997,,0
178.50975635731913,528.8230359294218,0.5,0.645,,0
226.87535508591282,528.3738777126658,0.5,0.43000000000000005,,0
276.88346225418553,526.0509155975102,0.5,0.321,,0
327.6732761805277,527.3303776598746,0.5,0.14600000000000002,,0
377.70571335614085,525.9247370172286,0.5,0.28200000000000003,,0
426.9457895917696,527.3830390411464,0.5,0.40800000000000003,,0
475.9683737262258,526.0594730289789,0.5,0.20400000000000001,,0
525.4194524562037,526.2737683015109,0.5,0.25900000000000006,,0
576.4830294406984,526.9589575320106,0.5,0.16800000000000004,,0
627.0121426983185,525.2834985317941,0.5,0.17000000000000004,,0
677.4429964331547,528.4609058339389,0.5,0.07100000000000002,,0
726.1531355192388,526.7919905102223,0.5,-0.009999999999999995,,1
775.7357659214189,528.1199526839191,0.5,0.02700000000000001,,1
825.6452550347971,525.6549991712462,0.5,0.09800000000000002,,1
875.8981352381587,528.90144204666,0.5,0.274,,1
925.8375422247593,525.467845450125,0.5,0.14100000000000001,,0
976.6269392728973,526.2042060414784,0.5,0.032000000000000015,,0
27.848841821722083,577.0143167542933,0.5,0.28800000000000003,,0
75.40568669674121,575.3694932761141,0.5,0.28500000000000003,,0
125.74862848258263,577.2449824970935,0.5,0.318,,0
175.9496764311529,575.6382729985789,0.5,0.336,,0
226.17712116883862,575.3463544009952,0.5,0.12000000000000001,,0
276.19784588469906,575.5964446382353,0.5,0.12100000000000001,,0
327.0102539468546,578.6632204379844,0.5,0.323,,0
375.82972639499405,575.7796805706562,0.5,0.397,,0
425.2900676872893,578.452223657741,0.5,0.16300000000000003,,0
476.6899737300958,575.8599960778137,0.5,0.039999999999999994,,0
528.7319760616699,578.2784885368067,0.5,0.05,,0
578.2714673898104,577.5425333557419,0.5,0.25500000000000006,,0
627.2908536531598,575.9314691471457,0.5,0.10100000000000002,,0
675.6147785604819,577.1902789190933,0.5,0.011000000000000024,,0
726.8366716833318,577.065045436441,0.5,0.03900000000000002,,0
778.6842934602008,575.4337195401082,0.5,0.05700000000000001,,1
825.0288140550332,576.1378712011265,0.5,0.0020000000000000157,,1
877.3215096169283,577.7041619411268,0.5,0.014000000000000012,,1
927.060430917152,578.7430762872707,0.5,0.17100000000000004,,0
977.6127267256186,575.4985906278312,0.5,0.03800000000000002,,0
151.06,92.87,0.5,,1.6068196917520778,1
222.72,144.48,0.5,,1.4714106685784096,1
151.49,183.06,0.5,,1.3591347259671607,1
117.32,94.31,0.5,,1.0987446157338334,1
248.66,129.91,0.5,,0.9496169212543396,1
214.4,138.2,0.5,,0.924598672673505,1
732.77,428.49,0.5,,1.0527820320864947,1
182.3,156.15,0.5,,0.951196250492894,1
164.68,166.76,0.5,,0.9722074184537047,1
257.89,111.04,0.5,,0.851946096383974,1
160.11,96.74,0.5,,0.9016039732104392,1
271.18,159.56,0.5,,0.91958100594625,1
195.96,153.62,0.5,,0.806887233419496,1
692.66,448.91,0.5,,0.8313593266192573,1
747.25,428.55,0.5,,0.84848120056204,1
247.65,118.38,0.5,,0.8850521241072522,1
255.67,136.31,0.5,,0.8434895700862661,1
257.71,120.46,0.5,,0.8070064153681394,1
253.23,147.83,0.5,,0.7042653262664551,1
243.5,141.67,0.5,,0.6773655834096028,1
265.36,134.39,0.5,,0.7567021594105164,1
78.39,137.22,0.5,,0.8519488351472138,1
612.28,364.85,0.5,,0.747115575270124,1
543.58,378.17,0.5,,0.7591022025683887,1
47.37,142.77,0.5,,0.7826336364444778,1
241.1,121.71,0.5,,0.8795291801604259,1
242.99,153.04,0.5,,0.7399283041912663,1
47.49,131.55,0.5,,0.7675823652601641,1
68.21,122.77,0.5,,0.7361150569549403,1
39.38,137.68,0.5,,0.8255745608236889,1
206.26,155.02,0.5,,0.862616318376321,1
252.07,158.19,0.5,,0.7663656000501817,1
266.64,125.27,0.5,,0.7298064646577146,1
218.3,133.2,0.5,,0.6880769477984126,1
215.52,193.52,0.5,,0.7891302868374419,1
143.9,99.15,0.5,,0.777981685364136,1
57.06,137.92,0.5,,0.6990721386570948,1
224.09,99.85,0.5,,0.6450784939220651,1
91.87,126.89,0.5,,0.6897058282159536,1
118.48,110.58,0.5,,0.7093643475491903,1
126.71,98.97,0.5,,0.7364976660753638,1
58.37,126.4,0.5,,0.6597192653170743,1
219.24,128.08,0.5,,0.6638311730036721,1
723.84,431.17,0.5,,0.6728139654697158,1
136.46,95.19,0.5,,0.6313242725959199,1
275.66,122.9,0.5,,0.6459491633097336,1
684.73,479.3,0.5,,0.6759631253041354,1
257.01,129.27,0.5,,0.7192302601736966,1
159.65,178.37,0.5,,0.6879576432348075,1
117.74,122.86,0.5,,0.6211006233030527,1
274.96,130.36,0.5,,0.6630772704869201,1
67.7,144.23,0.5,,0.6898615945490664,1
205.8,143.9,0.5,,0.7732387735813951,1
534.56,383.5,0.5,,0.6729996515635324,1
232.93,168.43,0.5,,0.6812969632070184,1
762.67,441.69,0.5,,0.6643857279467593,1
128.41,116.13,0.5,,0.6482901652616271,1
721.77,442.17,0.5,,0.6359969386202577,1
66.39,153.1,0.5,,0.6544924630650116,1
253.41,121.55,0.5,,0.6838949992498857,1
86.78,132.71,0.5,,0.6144505812349328,1
263.93,142.68,0.5,,0.6747401922916009,1
101.22,121.4,0.5,,0.6604172563437888,1
700.67,445.34,0.5,,0.6940860401983029,1
225.43,134.54,0.5,,0.6919655480326597,1
109.88,105.37,0.5,,0.6772861498767785,1
141.64,87.51,0.5,,0.7273216638918849,1
222.08,87.29,0.5,,0.6446279781839116,1
82.45,120.88,0.5,,0.7398492569558087,1
142.19,189.4,0.5,,0.7424120102335293,1
241.31,162.98,0.5,,0.6911869936671896,1
248.11,189.71,0.5,,0.6293072457097474,1
58.13,147.98,0.5,,0.699763764690001,1
193.06,171.11,0.5,,0.7467139707696411,1
231.53,158.07,0.5,,0.711325947726249,1
108.3,126.86,0.5,,0.6247026606216499,1
206.96,195.8,0.5,,0.670235659201987,1
200.13,196.93,0.5,,0.7034880784735834,1
184.25,224.03,0.5,,0.7401342373231212,1
365.46,222.11,0.5,,0.7101566076036837,1
226.5,138.68,0.5,,0.6993058216096416,1
244.45,112.47,0.5,,0.6419912138925437,1
208.27,220.31,0.5,,0.7578507807229363,1
96.71,139.2,0.5,,0.5216401663609741,1
409.62,207.87,0.5,,0.6409584552290782,1
126.77,137.89,0.5,,0.6321634869577847,1
109.36,137.59,0.5,,0.6791140349001605,1
118.57,141.61,0.5,,0.5021356137094395,1
430.53,221.25,0.5,,0.5700161559868325,1
119.39,133.05,0.5,,0.6875577874001417,1
186.48,65.93,0.5,,0.5781982532676793,1
68.37,131.7,0.5,,0.5768488466741553,1
101.93,131.55,0.5,,0.5535073052818372,1
88.27,143.44,0.5,,0.5126289749250996,1
240.55,143.44,0.5,,0.64652570579454,1
195.53,70.93,0.5,,0.5453141339481822,1
223.05,206.62,0.5,,0.5830178591331375,1
200.44,206.32,0.5,,0.5798166815771035,1
365.27,242.41,0.5,,0.5361574375374673,1
391.27,205.4,0.5,,0.598140660798676,1
457.44,247.38,0.5,,0.5970478433205196,1
445.83,252.98,0.5,,0.5972739832547077,1
166.54,202.27,0.5,,0.6540993676906083,1
208.33,201.47,0.5,,0.5884845729693459,1
512.28,285.23,0.5,,0.6052507913065496,1
204.76,75.44,0.5,,0.5527455171540353,1
136.73,121.16,0.5,,0.47750948467321663,1
483.53,299.37,0.5,,0.5395304319253477,1
303.86,193.46,0.5,,0.597394621908577,1
109.64,116.8,0.5,,0.6277448079131739,1
240.61,193.3,0.5,,0.6091767370797123,1
213.06,81.47,0.5,,0.6233642477557705,1
89.98,116.13,0.5,,0.6461127464456229,1
75.68,149.23,0.5,,0.5633153616338196,1
215.07,150.24,0.5,,0.6501124779785701,1
379.93,309.43,0.5,,0.594709379735903,1
442.78,328.82,0.5,,0.5832187629555645,1
136.46,114.88,0.5,,0.5981193251731213,1
692.57,474.6,0.5,,0.5369115398194296,1
580.28,332.32,0.5,,0.5377690432769513,1
168.77,81.93,0.5,,0.561911526535069,1
150.17,83.45,0.5,,0.625454120038667,1
160.96,188.31,0.5,,0.639142057356703,1
294.62,187.54,0.5,,0.5736512287260029,1
628.68,367.41,0.5,,0.5760191674665268,1
604.91,368.69,0.5,,0.5619348967432329,1
223.81,154.26,0.5,,0.5591047889165038,1
338.51,185.78,0.5,,0.5967111780851951,1
84.49,154.63,0.5,,0.5468786354411144,1
99.33,111.62,0.5,,0.505674647718334,1
651.17,372.47,0.5,,0.5095981693043036,1
144.78,108.81,0.5,,0.581722177190748,1
168.8,184.5,0.5,,0.5594427173068522,1
191.41,157.22,0.5,,0.5635328817180474,1
186.96,92.26,0.5,,0.5581628039703816,1
729.94,453.97,0.5,,0.6040375668914768,1
168.46,92.6,0.5,,0.5573826643946349,1
201.17,157.86,0.5,,0.5443006863692962,1
108.45,177.88,0.5,,0.6875133833531105,1
181.2,94.21,0.5,,0.5945847796125714,1
532.49,411.63,0.5,,0.5688923359118939,1
234.03,139.57,0.5,,0.5136584782081302,1
100.22,173.89,0.5,,0.5691427132319136,1
75.04,158.59,0.5,,0.5094795215189174,1
217.54,96.1,0.5,,0.5919716323097697,1
251.76,107.96,0.5,,0.5977136425889272,1
93.76,160.42,0.5,,0.5359405564077927,1
740.3,422.97,0.5,,0.5472443190251786,1
557.11,423.18,0.5,,0.5689144520914452,1
725.15,423.73,0.5,,0.5811568397047702,1
188.0,98.94,0.5,,0.5574152152345997,1
109.58,170.81,0.5,,0.5264111327454714,1
334.09,162.67,0.5,,0.5006336419202299,1
238.99,107.59,0.5,,0.6006704672702589,1
117.44,101.04,0.5,,0.4855359579010752,1
674.25,445.59,0.5,,0.5997105202209331,1
84.8,163.68,0.5,,0.5529446700753788,1
180.23,102.44,0.5,,0.5667218549736057,1
170.69,169.59,0.5,,0.5279820506638111,1
93.76,169.59,0.5,,0.5301806217334454,1
714.33,444.64,0.5,,0.6407147750236124,1
186.9,164.62,0.5,,0.5946964176804976,1
738.71,433.27,0.5,,0.6407620199164997,1
135.94,104.36,0.5,,0.5693155425478869,1
281.24,166.15,0.5,,0.6064423058995696,1
102.02,166.18,0.5,,0.5936219190022448,1
706.65,439.43,0.5,,0.6116774825167429,1
152.7,103.54,0.5,,0.6463533456818967,1
238.78,104.06,0.5,,0.519487711882738,1
231.28,103.08,0.5,,0.48355721366994875,1
201.32,166.51,0.5,,0.5071388308505856,1
738.47,442.54,0.5,,0.47296565696332515,1
141.55,169.01,0.5,,0.45679877620730147,1
179.25,169.5,0.5,,0.48303523055472264,1
224.15,164.17,0.5,,0.42357390386640426,1
226.53,104.94,0.5,,0.4918154222847876,1
132.16,163.86,0.5,,0.4469575457316287,1
126.89,106.71,0.5,,0.5009601832160329,1
244.72,107.69,0.5,,0.5231493030700844,1
219.09,101.01,0.5,,0.4553377092726315,1
173.03,162.18,0.5,,0.44235700491525376,1
211.65,97.51,0.5,,0.5265064468220216,1
290.93,161.64,0.5,,0.5117896382921933,1
195.47,160.96,0.5,,0.46017065267988067,1
113.39,160.51,0.5,,0.4412426266212961,1
215.16,158.8,0.5,,0.41647495181086125,1
241.37,173.83,0.5,,0.49099940485024274,1
737.13,450.62,0.5,,0.5483115840261101,1
539.8,414.65,0.5,,0.48605251525101767,1
557.69,414.38,0.5,,0.4861991720798885,1
185.41,174.35,0.5,,0.403107284826669,1
203.45,94.24,0.5,,0.44729240492515043,1
123.41,158.22,0.5,,0.43378193223771533,1
260.3,174.83,0.5,,0.4702832865533849,1
117.81,174.89,0.5,,0.4288143843388287,1
216.99,108.08,0.5,,0.43257344963014155,1
223.85,176.24,0.5,,0.49123170987265263,1
541.17,406.39,0.5,,0.3966360485546271,1
159.9,108.11,0.5,,0.45352064104938694,1
699.7,453.73,0.5,,0.48904841353512607,1
550.9,400.75,0.5,,0.4988372615137455,1
208.3,94.0,0.5,,0.47041406705475564,1
560.47,396.64,0.5,,0.47102120627060484,1
193.03,179.1,0.5,,0.44314038632432107,1
217.23,179.13,0.5,,0.42433805817354675,1
607.25,396.48,0.5,,0.5041500662488266,1
643.01,386.27,0.5,,0.38901590327948166,1
284.96,180.35,0.5,,0.4511241199504218,1
591.71,385.97,0.5,,0.42082465386482437,1
349.36,180.87,0.5,,0.48596641595469603,1
206.84,181.2,0.5,,0.46679251367783825,1
230.31,93.45,0.5,,0.4237856798700306,1
366.06,181.57,0.5,,0.46654107946177115,1
650.23,381.21,0.5,,0.4030766792612699,1
604.14,378.23,0.5,,0.4318414442245906,1
685.62,453.85,0.5,,0.5257257026461895,1
288.8,157.34,0.5,,0.5785945069258869,1
644.26,377.37,0.5,,0.5043493665506297,1
611.76,374.66,0.5,,0.422869037680326,1
686.65,461.35,0.5,,0.44756079347358646,1
183.52,184.59,0.5,,0.4671606731164044,1
357.99,184.59,0.5,,0.5052993989034312,1
666.66,373.87,0.5,,0.4406934842937722,1
713.78,462.53,0.5,,0.39881244225792634,1
104.36,154.56,0.5,,0.5035187991965318,1
619.84,370.7,0.5,,0.4837981206392816,1
659.28,368.9,0.5,,0.3951180829220404,1
209.0,111.65,0.5,,0.48882360300219807,1
262.37,153.59,0.5,,0.45712477316305056,1
200.68,90.43,0.5,,0.485616838850911,1
154.35,112.44,0.5,,0.456130963595778,1
182.21,88.3,0.5,,0.3922130828864395,1
159.08,87.78,0.5,,0.5913436501428094,1
185.53,113.11,0.5,,0.5457405860920854,1
619.54,361.37,0.5,,0.40941768004880286,1
194.83,87.36,0.5,,0.4375161473387186,1
413.43,352.59,0.5,,0.47408656092764834,1
661.26,466.13,0.5,,0.5145470631884387,1
644.19,467.47,0.5,,0.5163521389025563,1
419.16,346.37,0.5,,0.46354412816760604,1
192.63,191.08,0.5,,0.42819788822457094,1
114.6,152.28,0.5,,0.46343088131394194,1
677.39,485.09,0.5,,0.45776397597781726,1
508.47,314.86,0.5,,0.4407284254258266,1
183.37,65.38,0.5,,0.4521344567394878,1
466.31,311.11,0.5,,0.4637222426422375,1
290.69,150.66,0.5,,0.5065003704935446,1
96.5,148.68,0.5,,0.5046933673430103,1
562.3,308.37,0.5,,0.4147011776983426,1
266.36,116.65,0.5,,0.43674608170851126,1
319.03,193.33,0.5,,0.5416675755961042,1
162.92,118.08,0.5,,0.43027018080378043,1
183.31,79.31,0.5,,0.5442106712838428,1
388.28,304.16,0.5,,0.5117282779296937,1
553.73,303.49,0.5,,0.4262702163483493,1
474.21,303.46,0.5,,0.5361387867136491,1
390.75,301.36,0.5,,0.42439037352886466,1
519.35,301.11,0.5,,0.4623279411990696,1
145.21,120.03,0.5,,0.5059456429844967,1
159.41,77.27,0.5,,0.5410094617860155,1
176.39,76.84,0.5,,0.5024147634323254,1
455.1,291.05,0.5,,0.44805915906956595,1
152.67,123.38,0.5,,0.474792651347243,1
230.12,197.02,0.5,,0.44806856960060926,1
502.65,289.53,0.5,,0.4735335543080015,1
483.23,288.55,0.5,,0.48338675618658467,1
410.17,288.28,0.5,,0.5214587530609395,1
302.42,146.55,0.5,,0.41748417501267243,1
492.62,283.4,0.5,,0.47669074500035646,1
474.3,282.52,0.5,,0.5044945590310018,1
521.18,279.96,0.5,,0.49017531424759553,1
502.65,278.8,0.5,,0.4902201752320655,1
465.22,275.72,0.5,,0.44276808739966,1
329.46,274.38,0.5,,0.4260731985840064,1
493.53,273.65,0.5,,0.5081656365874202,1
474.18,270.17,0.5,,0.5108691913628205,1
503.74,268.35,0.5,,0.5390446711821264,1
340.13,268.22,0.5,,0.40739742993546635,1
233.75,146.21,0.5,,0.4334983278951138,1
374.75,267.19,0.5,,0.4518097748887916,1
464.15,264.9,0.5,,0.47639093117007514,1
251.43,125.67,0.5,,0.4875491859457135,1
485.3,264.6,0.5,,0.4779009644917458,1
474.24,257.62,0.5,,0.4852145296391056,1
323.82,253.11,0.5,,0.49362067508496876,1
231.8,127.5,0.5,,0.49839263412899226,1
152.61,203.94,0.5,,0.5398417946105437,1
429.04,251.86,0.5,,0.4279931580264429,1
105.52,145.72,0.5,,0.47877608933562477,1
466.22,244.14,0.5,,0.5136344458192744,1
128.75,127.56,0.5,,0.5536180686705288,1
356.4,205.65,0.5,,0.48128010113419983,1
235.18,144.51,0.5,,0.5738929663411844,1
410.78,240.76,0.5,,0.5245123963537343,1
337.41,226.07,0.5,,0.4645537450079985,1
162.7,128.72,0.5,,0.45648871353300013,1
240.76,130.64,0.5,,0.45008082474267286,1
154.08,131.37,0.5,,0.45526866687143175,1
271.36,222.14,0.5,,0.5028440737259621,1
171.51,131.95,0.5,,0.46136965285107023,1
290.44,135.0,0.5,,0.5298777713337628,1
238.93,138.44,0.5,,0.4468836854152002,1
573.21,413.16,0.5,,0.44890612944376107,1
160.93,208.3,0.5,,0.39950036565183433,1
403.46,208.33,0.5,,0.5153695342182404,1
373.93,216.99,0.5,,0.47799064150245985,1
302.67,213.3,0.5,,0.4211007613972092,1
382.74,212.57,0.5,,0.4999964756977062,1
346.98,211.2,0.5,,0.4463714499662247,1
280.08,177.12,0.5,,0.33960873049935947,1
365.73,210.59,0.5,,0.4191582776457382,1
720.3,409.19,0.5,,0.312324615791146,1
169.44,71.78,0.5,,0.35363023253341785,1
177.3,210.68,0.5,,0.3976060131787219,1
574.33,404.74,0.5,,0.3487163498394029,1
566.01,409.44,0.5,,0.3569688097662639,1
254.14,212.2,0.5,,0.4221258133428105,1
272.58,212.51,0.5,,0.33217526549562437,1
191.93,210.04,0.5,,0.44081759683344335,1
398.04,212.66,0.5,,0.45606656514582455,1
582.41,409.8,0.5,,0.3986429302033089,1
169.68,213.54,0.5,,0.3453538154066318,1
549.37,410.72,0.5,,0.43386194624657637,1
198.58,176.14,0.5,,0.33603267042879603,1
184.77,214.43,0.5,,0.4443593088549672,1
141.73,177.33,0.5,,0.3993428483591438,1
295.08,178.28,0.5,,0.3756836159116358,1
338.54,215.77,0.5,,0.37536543392315513,1
566.81,399.71,0.5,,0.4093048400854262,1
215.68,215.92,0.5,,0.3627493164716237,1
598.41,398.37,0.5,,0.40073176332739013,1
261.7,216.53,0.5,,0.3444113868456198,1
574.82,398.13,0.5,,0.30891136760779625,1
389.93,216.87,0.5,,0.351102254666934,1
727.56,413.34,0.5,,0.3447778345139504,1
358.44,174.41,0.5,,0.4471922500206942,1
150.57,174.1,0.5,,0.45495540987369254,1
689.98,416.45,0.5,,0.3155479220540536,1
507.98,393.65,0.5,,0.3542787639571804,1
611.98,393.62,0.5,,0.35789099086024356,1
177.36,219.24,0.5,,0.40234305781213986,1
347.5,220.28,0.5,,0.41052554498442484,1
590.43,393.62,0.5,,0.33675147365886005,1
192.94,220.43,0.5,,0.43126908588025914,1
567.69,393.07,0.5,,0.4044977981019541,1
381.67,220.92,0.5,,0.3932205160475474,1
733.41,417.55,0.5,,0.4425327124468309,1
634.26,390.94,0.5,,0.3635382815577509,1
565.07,418.92,0.5,,0.3524279232134322,1
296.3,221.92,0.5,,0.3265981635664993,1
581.44,388.5,0.5,,0.3504779571793878,1
216.65,207.26,0.5,,0.3567188855426704,1
603.72,388.19,0.5,,0.35529202611214383,1
251.0,222.99,0.5,,0.39191908804134823,1
172.12,207.14,0.5,,0.37605723472709907,1
319.95,224.42,0.5,,0.3678482539031417,1
548.79,419.62,0.5,,0.3414198045871242,1
516.88,387.58,0.5,,0.4178757583244106,1
127.77,179.98,0.5,,0.3626651277260269,1
209.28,172.76,0.5,,0.3468916512629807,1
626.3,384.23,0.5,,0.37309445545426945,1
338.57,205.89,0.5,,0.33357391139764625,1
179.65,77.75,0.5,,0.4085459472525851,1
247.13,226.1,0.5,,0.38560078479740345,1
130.79,171.54,0.5,,0.42292384761569524,1
373.84,226.83,0.5,,0.40670105069574214,1
687.87,424.92,0.5,,0.33839654403732033,1
634.75,381.18,0.5,,0.3316042763617153,1
280.42,227.87,0.5,,0.36731504824358496,1
299.01,227.93,0.5,,0.3907459635325863,1
564.76,426.02,0.5,,0.38278320197265614,1
189.59,83.64,0.5,,0.3781452675111774,1
619.41,379.02,0.5,,0.36690542160115036,1
216.19,170.99,0.5,,0.3994692378283049,1
411.24,230.31,0.5,,0.44020488367584554,1
115.06,182.24,0.5,,0.3803710591712296,1
664.28,429.04,0.5,,0.41764096081008595,1
588.72,377.65,0.5,,0.40429400693302,1
200.44,183.15,0.5,,0.43185348234848153,1
255.54,231.62,0.5,,0.34150818479248046,1
678.97,429.68,0.5,,0.33572394459518984,1
178.7,85.16,0.5,,0.4654523069915594,1
706.59,431.96,0.5,,0.35701230137537454,1
673.03,433.91,0.5,,0.35459131410626743,1
596.71,373.14,0.5,,0.4182908817753507,1
635.39,372.53,0.5,,0.44788027776996153,1
194.68,94.58,0.5,,0.35197867756291834,1
732.89,436.05,0.5,,0.46721369748419883,1
354.42,234.88,0.5,,0.3913660668960891,1
202.02,101.29,0.5,,0.3817493339059054,1
714.3,436.93,0.5,,0.34303426156057826,1
338.3,235.55,0.5,,0.3681349997704285,1
169.04,102.14,0.5,,0.40196784861156964,1
196.14,103.05,0.5,,0.3633007005850023,1
187.24,106.83,0.5,,0.4248219149832594,1
635.54,437.72,0.5,,0.2916686537007279,1
746.58,438.12,0.5,,0.32173884415641885,1
276.88,186.48,0.5,,0.42242361457589983,1
439.95,237.8,0.5,,0.35246092761199943,1
572.41,367.83,0.5,,0.378943205993133,1
209.34,107.11,0.5,,0.42366716507586377,1
204.28,107.2,0.5,,0.36890459100708095,1
372.83,239.09,0.5,,0.45179014434656406,1
644.59,367.8,0.5,,0.3731050081526335,1
392.19,239.54,0.5,,0.37383586578773065,1
374.69,187.24,0.5,,0.4261078598040914,1
232.9,108.36,0.5,,0.4297617892201978,1
597.19,363.81,0.5,,0.4325156144487352,1
244.33,205.71,0.5,,0.3788241300109093,1
177.94,108.45,0.5,,0.4064238321357885,1
346.74,241.58,0.5,,0.4404410145125024,1
349.42,242.22,0.5,,0.3665563673227815,1
183.92,205.65,0.5,,0.4097738633672007,1
580.49,363.53,0.5,,0.3742421393402665,1
123.99,188.06,0.5,,0.3266763768072646,1
325.53,243.08,0.5,,0.3243068023305681,1
637.03,362.53,0.5,,0.4717897955766378,1
239.76,111.77,0.5,,0.39263149345485004,1
121.95,166.15,0.5,,0.41213099656520236,1
209.37,164.38,0.5,,0.3951138361184734,1
756.42,445.8,0.5,,0.381713658063386,1
636.82,446.11,0.5,,0.36456170992286474,1
604.11,359.42,0.5,,0.32216972014018597,1
729.78,446.14,0.5,,0.3951526904784288,1
401.36,245.79,0.5,,0.38821870578819306,1
312.51,188.61,0.5,,0.364492124439318,1
629.5,357.87,0.5,,0.3385694878202975,1
745.42,447.45,0.5,,0.4103977486560161,1
168.92,112.75,0.5,,0.32268552825256913,1
309.83,163.1,0.5,,0.3903198732654031,1
270.91,204.58,0.5,,0.43055850140041996,1
456.68,357.1,0.5,,0.3854725199469964,1
224.27,113.63,0.5,,0.45855781519082095,1
223.6,248.59,0.5,,0.38875533952961405,1
677.84,449.95,0.5,,0.3740675067854371,1
612.28,355.27,0.5,,0.36944076747414323,1
314.83,249.57,0.5,,0.3035791749012894,1
252.34,115.31,0.5,,0.4147717959821565,1
597.07,354.27,0.5,,0.3316528317125714,1
705.37,450.46,0.5,,0.404241467353754,1
229.54,204.06,0.5,,0.3934069933662244,1
218.27,115.64,0.5,,0.41514760921238936,1
621.15,351.71,0.5,,0.38229742846890735,1
366.8,252.56,0.5,,0.34291935970697884,1
308.49,252.8,0.5,,0.34204080443707763,1
147.52,157.89,0.5,,0.39393963720956526,1
466.65,252.95,0.5,,0.3484727574722859,1
255.73,116.71,0.5,,0.37387698864765595,1
400.51,202.78,0.5,,0.4120593232171964,1
300.72,157.86,0.5,,0.39498035122466957,1
267.46,191.05,0.5,,0.38571182518017166,1
332.02,253.78,0.5,,0.33525420706790987,1
613.07,346.19,0.5,,0.3944707093847061,1
292.76,255.03,0.5,,0.3622382905190158,1
225.46,120.91,0.5,,0.39209313161758097,1
597.74,345.67,0.5,,0.37673503824220544,1
438.0,256.28,0.5,,0.41719282051573026,1
653.67,455.49,0.5,,0.3471050674582167,1
464.06,343.08,0.5,,0.41217148398743986,1
429.68,341.22,0.5,,0.34145214505247834,1
201.72,121.58,0.5,,0.406687685310412,1
677.27,457.41,0.5,,0.37324126808219593,1
190.74,121.58,0.5,,0.3956706092037713,1
589.36,335.8,0.5,,0.3459389678726006,1
607.44,335.77,0.5,,0.3665902809962842,1
455.77,258.84,0.5,,0.35512396260960444,1
210.98,122.1,0.5,,0.3805044078338192,1
300.62,258.9,0.5,,0.36065507591989765,1
171.54,122.53,0.5,,0.3906455541196747,1
525.87,335.37,0.5,,0.3362281693013317,1
329.21,156.27,0.5,,0.3565999397525693,1
652.91,462.26,0.5,,0.3420150886978558,1
198.52,126.61,0.5,,0.351077084379541,1
294.86,262.71,0.5,,0.3540661823583592,1
427.18,262.89,0.5,,0.38662378897528726,1
146.33,126.83,0.5,,0.4368611677752232,1
599.24,332.02,0.5,,0.3866669827457846,1
534.56,331.47,0.5,,0.4321045013537106,1
561.32,329.95,0.5,,0.3619462426558073,1
330.92,263.8,0.5,,0.40752549794749227,1
274.08,264.11,0.5,,0.3721159729103023,1
364.33,202.27,0.5,,0.4336775555004946,1
238.17,202.11,0.5,,0.4024985063580686,1
184.31,127.53,0.5,,0.38379113924448993,1
284.01,202.05,0.5,,0.4596741970190181,1
590.73,328.51,0.5,,0.41095857596649765,1
281.79,155.23,0.5,,0.3956939946685254,1
254.29,201.41,0.5,,0.3154282181178365,1
669.19,463.36,0.5,,0.41848948112028406,1
383.71,201.35,0.5,,0.3738471634795574,1
571.13,325.83,0.5,,0.40255039037668194,1
244.78,128.14,0.5,,0.3703790465582152,1
436.17,269.05,0.5,,0.4247294597649809,1
320.5,269.26,0.5,,0.38185498450656563,1
191.51,200.62,0.5,,0.45115807347276093,1
402.95,270.81,0.5,,0.3976338867009386,1
283.28,128.72,0.5,,0.45287059353270076,1
315.47,271.33,0.5,,0.38948636195220676,1
508.92,325.1,0.5,,0.3544534620984018,1
367.53,272.92,0.5,,0.35464004975445373,1
292.55,272.95,0.5,,0.359239251401533,1
427.73,273.13,0.5,,0.45110412975460223,1
371.43,324.83,0.5,,0.351654671094333,1
311.63,152.89,0.5,,0.3415295092874019,1
134.45,132.16,0.5,,0.4545746875155443,1
552.75,323.51,0.5,,0.34081084379667803,1
322.69,275.26,0.5,,0.3334035528667444,1
263.44,199.98,0.5,,0.4010402197829358,1
583.78,320.86,0.5,,0.3640630506232623,1
516.97,320.31,0.5,,0.34233632804388947,1
412.0,276.76,0.5,,0.3275142727186119,1
390.78,277.61,0.5,,0.355147048624163,1
483.93,277.67,0.5,,0.36721763863524337,1
156.39,152.8,0.5,,0.36871898284337046,1
191.44,132.47,0.5,,0.39441850579253224,1
284.07,135.94,0.5,,0.35971259245317533,1
347.5,199.92,0.5,,0.3849767020309335,1
160.29,199.74,0.5,,0.4106902902454249,1
163.22,136.12,0.5,,0.40389080518803255,1
499.96,319.49,0.5,,0.3736390982554416,1
677.39,468.51,0.5,,0.3700663529166578,1
420.93,281.64,0.5,,0.3693097548600718,1
146.09,138.56,0.5,,0.4083052347496501,1
544.53,317.91,0.5,,0.3436665532183163,1
314.25,282.82,0.5,,0.33190126816926036,1
297.58,138.65,0.5,,0.44118501794227516,1
476.25,317.78,0.5,,0.38169864677827725,1
668.55,469.79,0.5,,0.3791222267459742,1
526.88,314.92,0.5,,0.3704255738643327,1
455.8,314.86,0.5,,0.357102392944769,1
491.95,314.68,0.5,,0.3133484013498562,1
529.35,285.87,0.5,,0.39263983382787193,1
292.58,139.78,0.5,,0.42336240270662673,1
465.12,286.6,0.5,,0.41027090859935444,1
405.87,314.16,0.5,,0.41356331062318785,1
306.57,287.06,0.5,,0.37901996081866485,1
189.43,139.93,0.5,,0.37184940638804387,1
220.71,197.75,0.5,,0.3751997173275645,1
536.51,312.39,0.5,,0.37078882745711006,1
154.41,142.89,0.5,,0.4351463195437204,1
324.92,289.19,0.5,,0.3963490613933136,1
374.69,197.05,0.5,,0.39091215411164804,1
139.08,143.2,0.5,,0.3589972486520173,1
519.53,290.14,0.5,,0.3485458045352333,1
554.77,312.39,0.5,,0.36207026649400076,1
222.14,192.21,0.5,,0.3472800745511877,1
137.56,152.25,0.5,,0.35151171763251743,1
518.46,309.92,0.5,,0.3578623324693605,1
316.78,293.34,0.5,,0.4309571046898364,1
440.59,293.52,0.5,,0.34599895113337475,1
500.69,309.83,0.5,,0.32639992002453044,1
644.56,474.82,0.5,,0.3490818447078632,1
246.19,196.14,0.5,,0.3200187137851115,1
403.25,293.95,0.5,,0.38184342328225984,1
283.56,193.03,0.5,,0.32462836973799913,1
510.27,294.71,0.5,,0.41379642021599017,1
482.56,309.25,0.5,,0.31514905103142565,1
133.35,193.27,0.5,,0.3590722148421177,1
528.22,295.63,0.5,,0.4039972018955025,1
653.4,478.26,0.5,,0.35443990182855767,1
704.06,409.16,0.5,,0.3122925737000999,1
164.93,147.16,0.5,,0.3402010727405491,1
545.04,297.67,0.5,,0.37062386321057594,1
145.51,147.92,0.5,,0.34398354539020515,1
272.31,148.8,0.5,,0.3583295308543524,1
449.4,299.31,0.5,,0.40337868310716785,1
273.65,195.62,0.5,,0.3576049871778292,1
509.75,304.71,0.5,,0.4363222118852478,1
150.82,193.73,0.5,,0.41884779835983943,1
254.66,194.22,0.5,,0.3726518837690096,1
338.82,194.55,0.5,,0.35474502033764055,1
319.4,151.52,0.5,,0.2601501770828697,1
661.54,481.19,0.5,,0.36529823504650893,1
537.03,300.93,0.5,,0.3063896796935287,1
668.03,485.7,0.5,,0.30252815959349677,1
168.95,193.91,0.5,,0.3305356612614312,1
491.34,303.92,0.5,,0.2534549225031294,1
345.67,299.68,0.5,,0.2702791401849498,1
371.8,304.4,0.5,,0.24193657116960507,1
502.55,299.62,0.5,,0.34016246498241254,1
438.09,304.77,0.5,,0.3065719951252749,1
458.33,305.04,0.5,,0.2902179432237033,1
336.29,305.35,0.5,,0.32539936493091715,1
307.33,145.85,0.5,,0.2892067290474585,1
172.18,152.03,0.5,,0.3062077659394835,1
527.97,306.42,0.5,,0.30977540624668687,1
545.9,306.66,0.5,,0.3036485500495284,1
465.22,297.33,0.5,,0.3031410214266389,1
182.09,145.76,0.5,,0.2809530497143169,1
493.26,294.95,0.5,,0.3326172790293751,1
431.02,309.28,0.5,,0.23575833683106165,1
354.85,294.25,0.5,,0.2890387791007004,1
659.92,475.55,0.5,,0.31179475620483477,1
418.67,293.86,0.5,,0.2816015527863682,1
337.11,293.83,0.5,,0.25868495157893945,1
474.63,292.7,0.5,,0.24015732218531752,1
282.82,144.84,0.5,,0.3126808327895467,1
360.79,310.56,0.5,,0.27671503976113854,1
536.51,292.09,0.5,,0.3352459148607744,1
652.12,471.95,0.5,,0.3491268388369385,1
356.31,196.29,0.5,,0.23756937355178528,1
172.73,141.0,0.5,,0.3142155613638138,1
384.6,191.93,0.5,,0.3156875053011481,1
392.92,286.66,0.5,,0.3130840541807728,1
274.29,139.69,0.5,,0.32617908052855094,1
734.96,470.55,0.5,,0.22111169501229697,1
445.47,285.38,0.5,,0.29561891308971455,1
143.23,197.97,0.5,,0.3357939641874096,1
572.9,315.07,0.5,,0.2848211117351207,1
637.28,469.85,0.5,,0.30888205476612374,1
371.25,315.65,0.5,,0.27624744633746257,1
334.06,283.68,0.5,,0.3066018534510202,1
420.41,316.57,0.5,,0.26825278620359827,1
198.85,138.65,0.5,,0.29739752903762773,1
392.37,198.49,0.5,,0.2851237913509339,1
412.42,318.03,0.5,,0.33092144178486016,1
296.08,281.18,0.5,,0.2799167898835523,1
563.09,318.97,0.5,,0.29425029187795837,1
379.54,319.19,0.5,,0.2620184823471937,1
181.36,136.49,0.5,,0.307699715994452,1
303.98,277.79,0.5,,0.3357304017088668,1
427.21,320.07,0.5,,0.28755279062252725,1
285.17,276.48,0.5,,0.28448651242024314,1
206.2,132.16,0.5,,0.27854858794157566,1
536.23,321.47,0.5,,0.32249369556784135,1
448.21,322.05,0.5,,0.34049047288236545,1
693.21,466.56,0.5,,0.2902348890113563,1
467.11,322.91,0.5,,0.2949968374155997,1
330.1,200.04,0.5,,0.34612066515478823,1
486.37,323.67,0.5,,0.3231975038377505,1
209.03,129.39,0.5,,0.3849885343804934,1
403.56,324.12,0.5,,0.28151293334240224,1
349.27,273.38,0.5,,0.2931298419086307,1
276.06,271.79,0.5,,0.21191825745681833,1
727.47,464.67,0.5,,0.2419416262425387,1
357.99,268.93,0.5,,0.2723301808236407,1
526.27,326.11,0.5,,0.29484931678879256,1
456.47,268.28,0.5,,0.28341356624205927,1
544.74,327.17,0.5,,0.31934833835746923,1
302.85,267.52,0.5,,0.2489377263069664,1
419.1,267.19,0.5,,0.22024343348262912,1
495.7,328.7,0.5,,0.2828034972771013,1
366.13,191.17,0.5,,0.3261865009682062,1
380.42,329.18,0.5,,0.20242919864960665,1
476.65,329.55,0.5,,0.32104771336768423,1
429.74,329.61,0.5,,0.26351472054052205,1
348.69,263.65,0.5,,0.3362724820560943,1
516.97,330.01,0.5,,0.31705496032060143,1
397.95,330.22,0.5,,0.28376789322147766,1
310.59,263.56,0.5,,0.23057429392322762,1
446.87,263.13,0.5,,0.31527090409243663,1
382.68,262.19,0.5,,0.2491283861273633,1
449.43,332.81,0.5,,0.29004906184183155,1
467.62,333.15,0.5,,0.3205322729790425,1
553.73,333.3,0.5,,0.25196082751234894,1
408.55,262.13,0.5,,0.28552139982670444,1
486.58,334.49,0.5,,0.2203116652786756,1
506.09,334.61,0.5,,0.2484252407794563,1
405.81,334.7,0.5,,0.21784677477410705,1
693.39,460.77,0.5,,0.2796017165362663,1
255.51,261.82,0.5,,0.2373618508969181,1
284.93,258.17,0.5,,0.2559614252990696,1
339.46,258.1,0.5,,0.29052067898277456,1
571.68,336.04,0.5,,0.3369333657391903,1
456.74,336.35,0.5,,0.23212763749954093,1
439.09,336.59,0.5,,0.24033819245920682,1
543.55,337.6,0.5,,0.2900603041917248,1
706.56,458.27,0.5,,0.3350940637621145,1
563.0,339.18,0.5,,0.26396834415462345,1
515.48,339.58,0.5,,0.29468710761016903,1
357.96,257.95,0.5,,0.2832829720372301,1
598.11,340.0,0.5,,0.355846829667259,1
580.06,340.28,0.5,,0.2866852417343081,1
448.33,340.61,0.5,,0.31129910294712715,1
744.32,457.23,0.5,,0.23163531823561354,1
534.56,340.98,0.5,,0.2859990776929676,1
215.8,202.3,0.5,,0.3399223693447735,1
605.12,341.99,0.5,,0.3487647379197879,1
418.25,257.37,0.5,,0.26840915081298,1
628.59,457.14,0.5,,0.25964859098883275,1
374.87,257.01,0.5,,0.23495568625551974,1
507.43,343.88,0.5,,0.27215812057641864,1
571.16,343.97,0.5,,0.28319453447525156,1
588.6,344.73,0.5,,0.34622057356246294,1
407.7,345.25,0.5,,0.27399804412682083,1
316.66,255.82,0.5,,0.2800057056839743,1
469.64,345.89,0.5,,0.29309088864626553,1
381.4,254.14,0.5,,0.24600335172530843,1
714.66,455.13,0.5,,0.34148538141585083,1
231.19,117.59,0.5,,0.3035407591179191,1
163.49,157.61,0.5,,0.2890247172978031,1
543.73,347.2,0.5,,0.24197345689392433,1
193.88,116.74,0.5,,0.3557463558937647,1
560.95,348.78,0.5,,0.27134720192227935,1
579.79,349.09,0.5,,0.32906153578396635,1
533.4,349.15,0.5,,0.2516632515591164,1
202.42,115.88,0.5,,0.29554915366870116,1
588.9,349.48,0.5,,0.25717932124183185,1
604.57,350.28,0.5,,0.24634128622903959,1
499.84,351.07,0.5,,0.31617632188295197,1
465.22,351.53,0.5,,0.21442004487029673,1
274.44,252.53,0.5,,0.2603833479079649,1
611.37,451.32,0.5,,0.23841670513203542,1
645.47,450.8,0.5,,0.24397083295621255,1
321.59,158.28,0.5,,0.3575040456365719,1
391.06,250.7,0.5,,0.2586415604402066,1
552.45,353.17,0.5,,0.24684201423707056,1
540.59,353.26,0.5,,0.24344662645519952,1
721.16,450.04,0.5,,0.32525529857747104,1
570.22,353.99,0.5,,0.25099814838879864,1
580.89,354.27,0.5,,0.2886128134200239,1
239.02,250.09,0.5,,0.24965740960347468,1
282.12,249.05,0.5,,0.28883969994989644,1
373.87,248.63,0.5,,0.29830430765480576,1
617.83,449.24,0.5,,0.2802245560418608,1
491.15,356.8,0.5,,0.23223769300308847,1
339.49,247.56,0.5,,0.35344382872909574,1
156.48,162.37,0.5,,0.3299789148460971,1
333.18,247.28,0.5,,0.30066096281410315,1
572.78,357.84,0.5,,0.2640175837211014,1
298.76,246.77,0.5,,0.2121891396172416,1
357.9,246.67,0.5,,0.24882853774906813,1
338.11,246.07,0.5,,0.2574875329969236,1
230.86,245.15,0.5,,0.2697340657952736,1
561.41,358.44,0.5,,0.25715401071279953,1
589.09,358.6,0.5,,0.2864865886238731,1
272.61,245.06,0.5,,0.2804557402557686,1
382.58,244.54,0.5,,0.32958882054898264,1
321.23,204.73,0.5,,0.24388090154575306,1
207.45,188.37,0.5,,0.283489816896631,1
246.07,244.08,0.5,,0.3041646026280115,1
325.07,165.38,0.5,,0.23693032154301283,1
193.7,112.32,0.5,,0.3380527945899314,1
428.88,243.38,0.5,,0.2592533190627596,1
656.05,442.02,0.5,,0.3056549071262723,1
684.79,441.93,0.5,,0.274139331813541,1
448.45,242.47,0.5,,0.2787936413682136,1
299.62,167.79,0.5,,0.219871559161486,1
330.62,242.47,0.5,,0.3001893843822372,1
222.96,240.73,0.5,,0.27808229741469326,1
231.65,187.73,0.5,,0.22245824267994999,1
645.6,441.2,0.5,,0.24274826554956822,1
661.29,440.92,0.5,,0.28387622253582334,1
475.27,366.16,0.5,,0.3400763632435547,1
691.56,439.98,0.5,,0.24335014579228628,1
238.17,239.54,0.5,,0.29118736618496,1
588.75,367.65,0.5,,0.2909833019161796,1
250.61,168.71,0.5,,0.275492231332353,1
359.69,239.3,0.5,,0.28907884249044136,1
316.44,238.11,0.5,,0.33442493947960317,1
547.7,367.89,0.5,,0.3042767925745674,1
679.86,439.37,0.5,,0.23451617673930472,1
565.56,368.41,0.5,,0.33580355071484913,1
216.04,186.87,0.5,,0.28414492257746526,1
281.27,237.65,0.5,,0.32392751054077007,1
498.77,369.36,0.5,,0.22738388288059544,1
297.52,237.01,0.5,,0.3034941528472479,1
420.9,236.62,0.5,,0.2741306222749764,1
259.69,186.42,0.5,,0.3280163533228233,1
555.1,371.37,0.5,,0.2365861015089372,1
465.86,372.01,0.5,,0.24022841892888228,1
580.16,372.22,0.5,,0.30373429935880525,1
246.58,235.12,0.5,,0.2927406717028702,1
402.4,234.7,0.5,,0.29706640042201526,1
308.82,233.66,0.5,,0.28254124493696864,1
383.35,233.29,0.5,,0.25981637573199456,1
303.22,184.62,0.5,,0.25563078589567234,1
575.22,373.9,0.5,,0.34951234950270227,1
702.14,434.55,0.5,,0.24529924387164867,1
288.58,232.04,0.5,,0.29029194915487977,1
331.56,168.98,0.5,,0.2855642237862135,1
314.16,231.95,0.5,,0.33821214896745055,1
348.42,170.11,0.5,,0.28462327456489556,1
430.93,231.65,0.5,,0.31746989660773617,1
456.77,376.28,0.5,,0.2838780364744289,1
565.34,377.31,0.5,,0.27237365258652957,1
237.96,230.73,0.5,,0.23446679773733534,1
658.19,377.46,0.5,,0.2999571055435023,1
364.6,230.58,0.5,,0.30543551933713553,1
693.36,429.34,0.5,,0.23113308963466847,1
271.09,230.52,0.5,,0.2625760896408351,1
222.99,230.46,0.5,,0.31512195963281886,1
328.73,229.67,0.5,,0.38095169446015575,1
259.32,228.94,0.5,,0.2756569898119101,1
524.65,379.32,0.5,,0.2933963818276556,1
717.71,426.48,0.5,,0.2277917213829372,1
585.64,380.24,0.5,,0.2549231781189636,1
191.75,228.2,0.5,,0.3539296617322689,1
391.06,227.53,0.5,,0.2986829231166469,1
269.32,182.0,0.5,,0.24679450636132635,1
672.33,425.47,0.5,,0.31541134852307184,1
596.37,382.65,0.5,,0.29148094839623173,1
305.47,226.92,0.5,,0.2705450023526419,1
551.63,383.41,0.5,,0.23706757702312756,1
573.85,383.47,0.5,,0.27573970048137075,1
230.22,226.25,0.5,,0.23791325668410737,1
290.08,171.75,0.5,,0.21453045911572563,1
215.1,225.86,0.5,,0.2590932421639518,1
612.28,384.6,0.5,,0.2509161811059083,1
490.79,385.57,0.5,,0.2781350807297598,1
263.38,225.16,0.5,,0.2675077092955973,1
422.54,225.03,0.5,,0.30154600782346164,1
543.89,386.46,0.5,,0.2587030230485091,1
694.61,421.84,0.5,,0.2953912677122684,1
686.2,386.76,0.5,,0.23631339812525606,1
680.62,420.72,0.5,,0.34934316625328066,1
199.55,224.73,0.5,,0.3013872622013055,1
403.28,224.58,0.5,,0.30507323319612445,1
290.66,222.47,0.5,,0.26486197503002373,1
560.59,388.44,0.5,,0.23769163224514692,1
373.78,207.51,0.5,,0.2561883074045568,1
619.66,388.99,0.5,,0.2958816892460925,1
523.89,389.41,0.5,,0.293618997454537,1
221.22,221.59,0.5,,0.3272239035770932,1
484.72,390.24,0.5,,0.2908567236124575,1
293.46,207.66,0.5,,0.28197477349262423,1
718.02,418.7,0.5,,0.22236327970265782,1
599.48,391.52,0.5,,0.2904005660571517,1
581.68,418.25,0.5,,0.23566313662084973,1
328.48,221.1,0.5,,0.3174233757391065,1
320.74,173.74,0.5,,0.22893025931738817,1
239.05,220.8,0.5,,0.20935931014773465,1
704.03,416.54,0.5,,0.2908383139397738,1
263.53,208.06,0.5,,0.27744850808249333,1
253.72,219.18,0.5,,0.3010352823408191,1
311.26,218.91,0.5,,0.2991542203873824,1
625.88,394.2,0.5,,0.24298281817370235,1
243.63,218.75,0.5,,0.27665294332440904,1
411.05,217.11,0.5,,0.3124690743102212,1
228.23,209.03,0.5,,0.3069079631685686,1
281.67,216.93,0.5,,0.3436540414691098,1
542.15,396.58,0.5,,0.3143673496445456,1
312.15,178.83,0.5,,0.2233842894669494,1
516.88,396.76,0.5,,0.35603965557352013,1
709.39,413.03,0.5,,0.269194733493323,1
500.76,397.58,0.5,,0.28311002794650764,1
231.86,216.71,0.5,,0.30500533075129577,1
200.53,216.01,0.5,,0.3104665276449097,1
619.2,399.04,0.5,,0.26926368541010604,1
523.52,399.29,0.5,,0.2761005194198134,1
320.31,215.8,0.5,,0.27175172914594126,1
698.36,412.58,0.5,,0.2987145827303428,1
614.39,400.35,0.5,,0.288370326322982,1
354.03,215.37,0.5,,0.3035666948096145,1
678.73,411.63,0.5,,0.24009964138137127,1
245.97,215.04,0.5,,0.2885817015314788,1
508.83,401.21,0.5,,0.2598080173533224,1
286.97,214.43,0.5,,0.22971660681088377,1
236.86,214.15,0.5,,0.268515469811782,1
237.68,209.95,0.5,,0.312907873494505,1
582.38,403.31,0.5,,0.3353705937633191,1
208.54,211.5,0.5,,0.27878710430089515,1
606.61,404.26,0.5,,0.36571101494473657,1
279.53,210.16,0.5,,0.31310790463383964,1
642.0,404.99,0.5,,0.24754795118478587,1
223.81,210.65,0.5,,0.3171402167883892,1
667.69,479.97,0.5,,0.254017406404063,1
589.97,408.01,0.5,,0.33771597075433357,1
524.71,407.46,0.5,,0.2499038349137985,1
558.82,406.02,0.5,,0.3433059061148571,1
329.98,210.37,0.5,,0.24879614459493907,1
671.99,406.82,0.5,,0.23155972626775304,1
387.28,313.33,0.5,,0.23797655023752304,1
623.01,405.38,0.5,,0.22754658404769249,1
633.22,408.74,0.5,,0.20993628163548086,1
691.9,408.8,0.5,,0.2411274558050823,1
613.65,408.95,0.5,,0.20629618210551062,1
517.31,405.11,0.5,,0.2208816369200113,1
697.81,405.11,0.5,,0.22806783015895096,1
649.25,409.29,0.5,,0.14758642685940124,1
625.78,403.46,0.5,,0.1993389052336316,1
679.4,402.52,0.5,,0.1626255547208397,1
664.74,410.38,0.5,,0.15799255673625326,1
534.22,402.37,0.5,,0.19752822773994463,1
664.65,401.7,0.5,,0.17902151458122442,1
649.01,400.84,0.5,,0.21070369173160133,1
622.28,412.33,0.5,,0.16868420409015364,1
634.17,399.9,0.5,,0.14387270831112908,1
671.54,396.85,0.5,,0.23364469958242448,1
305.41,174.62,0.5,,0.20153055391316912,1
330.4,179.22,0.5,,0.17452393505834077,1
642.27,396.15,0.5,,0.19536886088778813,1
641.09,414.1,0.5,,0.2597589494576621,1
657.12,395.9,0.5,,0.14579697211956524,1
589.7,414.56,0.5,,0.22547298083677839,1
338.42,173.89,0.5,,0.22654354739719149,1
656.84,414.68,0.5,,0.14205985811233063,1
672.45,415.44,0.5,,0.17061003296943203,1
492.98,394.59,0.5,,0.19445192593167324,1
681.05,393.56,0.5,,0.165461414534357,1
534.13,392.77,0.5,,0.17756141306023474,1
551.87,392.4,0.5,,0.23558457579422462,1
665.41,392.09,0.5,,0.1947182551986332,1
649.68,391.42,0.5,,0.20511739916974828,1
499.63,389.87,0.5,,0.1661463222648991,1
630.36,419.04,0.5,,0.17229302476634398,1
648.46,419.13,0.5,,0.16043233994786196,1
311.14,210.65,0.5,,0.184997768823193,1
673.21,387.89,0.5,,0.18406694214660466,1
664.59,420.17,0.5,,0.19375770875359818,1
476.8,386.79,0.5,,0.1453788314729631,1
709.79,421.36,0.5,,0.17395669547439516,1
572.05,421.78,0.5,,0.21258493864034297,1
656.94,386.52,0.5,,0.24646349399636194,1
353.63,226.07,0.5,,0.2049281898212251,1
607.53,422.54,0.5,,0.15167127569712346,1
250.52,180.47,0.5,,0.205471360957129,1
602.59,423.03,0.5,,0.14430095541338003,1
507.52,383.83,0.5,,0.17580518451331387,1
657.82,423.58,0.5,,0.24884545082466078,1
232.17,181.39,0.5,,0.18489396965410718,1
638.95,424.16,0.5,,0.12319359714807687,1
666.35,382.71,0.5,,0.23570304101172188,1
466.68,381.73,0.5,,0.15570942489915207,1
482.62,380.94,0.5,,0.11273775240862205,1
499.41,379.35,0.5,,0.17132131008025456,1
206.68,228.57,0.5,,0.24208773135966558,1
701.25,426.99,0.5,,0.20133119164258048,1
594.73,427.24,0.5,,0.243233222626024,1
645.51,427.36,0.5,,0.1563887943763814,1
673.27,378.35,0.5,,0.21559658322814498,1
609.81,427.76,0.5,,0.1511796088229003,1
315.5,170.9,0.5,,0.19242367721650291,1
270.91,170.51,0.5,,0.1933935157706552,1
517.46,378.17,0.5,,0.16578855439071247,1
322.08,182.97,0.5,,0.245944554835582,1
627.34,376.28,0.5,,0.16313702995136056,1
572.51,430.65,0.5,,0.20056954731027007,1
602.19,430.83,0.5,,0.11149777822120771,1
474.42,376.21,0.5,,0.17412089063779548,1
615.7,431.44,0.5,,0.1518053440989557,1
588.69,431.66,0.5,,0.1598676717395862,1
652.85,431.84,0.5,,0.22330943764626202,1
508.47,376.12,0.5,,0.1718714884018457,1
627.46,433.12,0.5,,0.15317434243462674,1
490.73,374.66,0.5,,0.1868520823780591,1
223.36,183.79,0.5,,0.1890894989184397,1
535.38,374.11,0.5,,0.21196703804115255,1
686.23,435.25,0.5,,0.24626749935423856,1
579.58,435.41,0.5,,0.1848483375676356,1
595.09,435.44,0.5,,0.12097292262947104,1
610.42,435.86,0.5,,0.18627854270192815,1
238.87,185.62,0.5,,0.21144194591667406,1
755.32,436.87,0.5,,0.17034610652778318,1
448.48,372.25,0.5,,0.13790421870761085,1
481.86,369.97,0.5,,0.12108043280840777,1
517.92,369.94,0.5,,0.1834527636249431,1
439.64,368.23,0.5,,0.20532797269527367,1
456.9,367.8,0.5,,0.18137896243301613,1
587.96,439.58,0.5,,0.20334862382927757,1
602.01,439.89,0.5,,0.17442901857177548,1
528.74,367.25,0.5,,0.21075234503665527,1
616.7,440.59,0.5,,0.22028723357714994,1
490.67,365.76,0.5,,0.20782077491311593,1
509.08,365.55,0.5,,0.1701426816616841,1
539.89,363.53,0.5,,0.23433657565671775,1
628.56,441.75,0.5,,0.19324168671249556,1
447.84,362.83,0.5,,0.1276853915661414,1
430.53,362.77,0.5,,0.2306249695114799,1
465.55,361.65,0.5,,0.16971569030192055,1
556.41,361.49,0.5,,0.2538883500734017,1
666.38,443.15,0.5,,0.19971670597602556,1
595.24,443.73,0.5,,0.1301407960924663,1
483.47,361.4,0.5,,0.19612097282468768,1
652.7,444.79,0.5,,0.232378930652723,1
610.42,444.79,0.5,,0.15750584686072439,1
339.94,164.07,0.5,,0.18095341445725363,1
261.98,163.65,0.5,,0.18156018204614618,1
518.59,361.25,0.5,,0.1382453398295215,1
499.72,360.67,0.5,,0.21138619000557482,1
531.42,358.35,0.5,,0.19361947718861414,1
421.57,357.87,0.5,,0.2102281338544478,1
438.36,357.35,0.5,,0.23154303241748195,1
770.17,448.09,0.5,,0.1977725649756263,1
663.28,448.12,0.5,,0.15020507962355242,1
628.53,448.24,0.5,,0.21905418922461065,1
602.74,448.27,0.5,,0.18196115022916334,1
547.7,357.16,0.5,,0.23811146328176866,1
474.02,356.25,0.5,,0.20281944834142454,1
763.25,449.82,0.5,,0.18075179882619705,1
508.07,355.55,0.5,,0.1268317426674316,1
522.46,353.42,0.5,,0.22327988294912024,1
430.23,352.78,0.5,,0.22370578744458028,1
330.37,189.07,0.5,,0.2654515470853839,1
448.48,352.14,0.5,,0.19733832925291547,1
481.74,351.8,0.5,,0.21171139152959798,1
778.28,451.71,0.5,,0.1314168765318625,1
669.37,452.2,0.5,,0.16059804549502965,1
639.1,453.12,0.5,,0.15305066869075204,1
514.56,349.21,0.5,,0.18118011359807443,1
490.55,347.35,0.5,,0.1958110461891057,1
439.4,346.62,0.5,,0.18750208525485382,1
457.41,346.22,0.5,,0.1972077061309012,1
523.62,343.57,0.5,,0.2200917923708444,1
346.65,231.68,0.5,,0.2255994859711757,1
617.37,455.89,0.5,,0.17741334618726765,1
754.5,456.32,0.5,,0.15286449866194038,1
786.81,456.47,0.5,,0.14571724349186205,1
552.66,343.39,0.5,,0.2479555870119702,1
399.81,340.86,0.5,,0.2068758589876619,1
495.3,339.64,0.5,,0.2113854403788544,1
413.43,337.87,0.5,,0.1540007347478104,1
647.0,458.82,0.5,,0.18098474342557272,1
736.7,459.18,0.5,,0.1264040117834446,1
661.72,459.46,0.5,,0.17043901977451445,1
795.59,459.85,0.5,,0.16100961619430473,1
720.03,460.64,0.5,,0.17999326970428595,1
199.19,234.39,0.5,,0.22565063544245859,1
230.37,235.09,0.5,,0.23283090903834444,1
762.18,460.92,0.5,,0.11370858112561777,1
422.97,333.48,0.5,,0.22080601609838255,1
199.1,191.14,0.5,,0.20541298819961865,1
412.15,327.36,0.5,,0.20939768381806514,1
457.05,326.9,0.5,,0.1687425545063487,1
638.19,464.39,0.5,,0.19210014512045517,1
434.52,325.53,0.5,,0.21201582760153273,1
215.19,235.58,0.5,,0.12734164616201252,1
629.72,465.19,0.5,,0.21500440830074094,1
803.03,465.19,0.5,,0.15173201091200114,1
742.25,465.8,0.5,,0.2145282086605442,1
787.69,465.92,0.5,,0.12100893313836442,1
388.16,324.03,0.5,,0.20086073135707114,1
422.18,322.84,0.5,,0.23203514708589426,1
267.43,235.82,0.5,,0.18348992381610416,1
362.22,320.07,0.5,,0.21894592661155696,1
720.94,467.5,0.5,,0.19294405249741806,1
395.11,318.94,0.5,,0.1937393192051133,1
439.28,316.53,0.5,,0.17706954299668717,1
353.35,315.22,0.5,,0.21224130105810787,1
796.47,469.94,0.5,,0.1316458206530262,1
322.6,236.16,0.5,,0.20601689683557603,1
347.78,191.26,0.5,,0.22737417847481342,1
703.08,470.61,0.5,,0.14100546579829157,1
261.4,238.14,0.5,,0.15503878022578058,1
811.74,471.71,0.5,,0.1584176875295016,1
410.14,311.66,0.5,,0.17355397726596902,1
684.4,472.32,0.5,,0.20085581719715742,1
727.77,472.62,0.5,,0.15829838637034377,1
207.26,238.72,0.5,,0.21715496770129386,1
290.41,240.46,0.5,,0.1810268413554317,1
804.7,474.63,0.5,,0.13187026893959208,1
447.11,309.68,0.5,,0.22456201585867216,1
253.84,241.22,0.5,,0.14584924413216818,1
676.53,475.55,0.5,,0.23748128667874788,1
396.97,309.49,0.5,,0.18781163179098856,1
306.66,243.44,0.5,,0.21514940790446765,1
820.7,476.68,0.5,,0.13858960257813444,1
214.98,243.47,0.5,,0.23061323740028714,1
419.98,247.25,0.5,,0.20793556436194374,1
437.51,247.83,0.5,,0.2438009269807048,1
400.51,306.72,0.5,,0.15794144090848508,1
420.78,305.9,0.5,,0.16877836418318184,1
264.51,249.69,0.5,,0.1842865357481743,1
410.54,252.04,0.5,,0.11923853067683243,1
348.2,252.89,0.5,,0.1822191800991839,1
812.57,481.04,0.5,,0.1788764790164409,1
183.79,195.41,0.5,,0.20775210179254963,1
300.9,203.79,0.5,,0.1695349012313904,1
255.39,253.38,0.5,,0.11145774988385054,1
231.77,253.5,0.5,,0.2412207853854317,1
247.53,257.74,0.5,,0.1865982945127849,1
691.77,483.35,0.5,,0.16983060514112755,1
321.47,257.98,0.5,,0.2229987243576653,1
412.27,301.08,0.5,,0.16577797381891815,1
263.41,258.87,0.5,,0.20150278244364758,1
822.29,485.64,0.5,,0.24115657231657342,1
379.11,300.05,0.5,,0.2355936951410542,1
389.47,260.45,0.5,,0.18681041717623917,1
656.9,405.72,0.5,,0.14400570284318653,1
366.86,262.55,0.5,,0.16433559936382988,1
395.6,263.01,0.5,,0.1836172366845771,1
838.5,488.75,0.5,,0.20390097579798896,1
265.6,266.76,0.5,,0.2148492034362451,1
887.39,558.7,0.5,,0.16497688071220826,1
283.77,268.93,0.5,,0.22092518346108062,1
684.7,489.81,0.5,,0.15273121627046987,1
177.27,200.22,0.5,,0.23866155451757462,1
444.46,273.8,0.5,,0.21056679169558443,1
868.62,550.8,0.5,,0.12259955304193962,1
676.5,492.62,0.5,,0.16415078844349076,1
375.3,276.33,0.5,,0.13300422927614614,1
847.53,493.87,0.5,,0.22732483342749857,1
435.32,278.07,0.5,,0.18102945761718317,1
358.84,278.22,0.5,,0.162642848814304,1
341.5,280.32,0.5,,0.1567556127062719,1
455.4,280.6,0.5,,0.2128614115283903,1
877.37,544.77,0.5,,0.1543307740630669,1
367.44,282.15,0.5,,0.18452839449989653,1
400.17,283.37,0.5,,0.2033638110265726,1
683.61,497.34,0.5,,0.14086633207858348,1
310.29,198.24,0.5,,0.2415536314021637,1
349.51,285.57,0.5,,0.15854074049562256,1
856.06,498.35,0.5,,0.19851203934708014,1
839.63,498.56,0.5,,0.18703346932000706,1
821.98,498.68,0.5,,0.15492051362709677,1
430.8,287.27,0.5,,0.1728545623645301,1
342.72,288.34,0.5,,0.2012961967163043,1
813.36,501.18,0.5,,0.11537765793725219,1
292.36,197.48,0.5,,0.19742057998666754,1
864.96,501.88,0.5,,0.21206360733137822,1
850.21,533.61,0.5,,0.15598000985331523,1
360.94,289.59,0.5,,0.1462090094974724,1
372.22,292.12,0.5,,0.17108241688673684,1
797.14,502.62,0.5,,0.15924935231432885,1
847.86,502.98,0.5,,0.24279764570867132,1
911.93,532.3,0.5,,0.2406560005655801,1
867.4,531.17,0.5,,0.14474289356443326,1
369.63,295.2,0.5,,0.13820597846773924,1
884.35,530.69,0.5,,0.12510175739064933,1
789.28,506.82,0.5,,0.17049792910328718,1
856.85,507.19,0.5,,0.1424313233857521,1
381.7,297.33,0.5,,0.20634770367749275,1
363.2,297.64,0.5,,0.13110508901216666,1
429.19,298.7,0.5,,0.22524398909004464,1
875.32,526.54,0.5,,0.2060298314042829,1
188.4,148.65,0.5,,0.23388487776216185,1
892.42,524.5,0.5,,0.22906252322407514,1
849.45,523.62,0.5,,0.16665481629843967,1
815.4,523.43,0.5,,0.1590135494721645,1
867.25,522.21,0.5,,0.18868046734301627,1
327.14,298.8,0.5,,0.1754888835366121,1
883.86,520.26,0.5,,0.13362477037145343,1
866.0,512.28,0.5,,0.20817681609475067,1
858.53,518.04,0.5,,0.17390972472401026,1
848.78,513.01,0.5,,0.1402895651803835,1
875.36,516.48,0.5,,0.21190658635096457,1
816.89,546.96,0.5,,0.08254751853958156,1
781.23,514.11,0.5,,0.07548653476436806,1
755.2,514.87,0.5,,0.06937919696173314,1
722.99,515.66,0.5,,0.06969393922731548,1
815.34,513.16,0.5,,0.05032966821791948,1
742.19,516.58,0.5,,0.05065098632172099,1
806.78,517.73,0.5,,0.0800794721586689,1
772.06,517.82,0.5,,0.06983895055674166,1
751.18,512.89,0.5,,0.04567431162134583,1
824.91,518.56,0.5,,0.1081687268865521,1
840.52,518.8,0.5,,0.10568886240991732,1
758.62,519.17,0.5,,0.033360336808169994,1
714.79,519.35,0.5,,0.0280321863562578,1
790.29,519.59,0.5,,0.071663126754375,1
594.42,419.25,0.5,,0.14555446607629696,1
764.26,511.85,0.5,,0.09240915071921435,1
731.49,521.67,0.5,,0.04955089603167906,1
797.75,511.58,0.5,,0.09547394257181993,1
749.87,522.61,0.5,,0.05567831635628254,1
714.97,510.05,0.5,,0.06866923386703216,1
840.03,509.84,0.5,,0.09529242605038155,1
781.26,524.32,0.5,,0.06880141222838312,1
748.5,509.14,0.5,,0.04419484929772968,1
722.8,524.68,0.5,,0.05279329386851142,1
799.0,524.87,0.5,,0.08748817565882208,1
806.04,508.92,0.5,,0.11373064734827035,1
740.27,526.36,0.5,,0.08362663421985073,1
771.91,508.1,0.5,,0.07083873294112109,1
859.11,527.12,0.5,,0.10190854089267881,1
822.78,527.49,0.5,,0.09852634774039759,1
699.03,507.89,0.5,,0.05035204657353984,1
902.76,528.31,0.5,,0.1279036596075456,1
841.16,528.31,0.5,,0.10300248913782506,1
822.17,507.31,0.5,,0.08865476647759404,1
589.54,422.45,0.5,,0.12031224315982955,1
808.06,530.05,0.5,,0.056922164020412364,1
725.09,505.24,0.5,,0.020208765613989835,1
789.98,530.81,0.5,,0.11941771511414392,1
580.83,426.72,0.5,,0.10931436055814384,1
707.62,504.2,0.5,,0.07003293916362013,1
734.42,503.32,0.5,,0.047254099465896565,1
776.3,532.39,0.5,,0.1093387140432889,1
741.3,502.46,0.5,,0.06366956420986533,1
832.16,532.79,0.5,,0.1108356312956329,1
763.86,502.28,0.5,,0.034628018391153634,1
690.07,501.88,0.5,,0.07787646665948939,1
893.22,534.47,0.5,,0.08269489828807258,1
739.57,534.56,0.5,,0.08033667349844867,1
780.56,501.76,0.5,,0.08866334851728883,1
876.33,535.59,0.5,,0.09123913773683404,1
817.5,536.02,0.5,,0.09273302432808384,1
798.73,536.14,0.5,,0.14539490464040639,1
859.2,537.39,0.5,,0.11855359852480624,1
716.65,499.66,0.5,,0.1200120739497759,1
768.1,537.82,0.5,,0.06689116221467736,1
841.34,538.25,0.5,,0.10785798718729167,1
903.46,538.52,0.5,,0.09188033608793394,1
784.46,539.07,0.5,,0.03213698769705117,1
884.86,539.44,0.5,,0.1426532910374885,1
699.15,498.84,0.5,,0.05718951644806128,1
826.4,540.84,0.5,,0.06004058625421416,1
868.13,540.96,0.5,,0.08771041156841164,1
806.9,541.26,0.5,,0.09461547380798982,1
364.48,286.24,0.5,,0.1567461226022767,1
851.43,542.94,0.5,,0.08789624613724983,1
771.2,455.62,0.5,,0.12303579590490066,1
789.16,497.65,0.5,,0.1246679926637681,1
772.24,496.37,0.5,,0.0616341432525592,1
895.08,544.01,0.5,,0.10163815085439512,1
755.32,496.18,0.5,,0.062250702880678715,1
804.85,496.09,0.5,,0.11882278705003921,1
835.91,545.65,0.5,,0.1172196360033376,1
732.8,495.85,0.5,,0.07382875697829239,1
860.69,546.17,0.5,,0.08078855664245724,1
804.06,486.67,0.5,,0.08354738067087084,1
726.09,495.48,0.5,,0.11036661199388187,1
886.69,548.82,0.5,,0.14444502045305369,1
708.75,494.32,0.5,,0.05726747643325983,1
689.88,494.2,0.5,,0.07528594357372267,1
780.81,492.89,0.5,,0.1374440776723777,1
812.6,491.58,0.5,,0.12978977416691811,1
776.54,550.87,0.5,,0.050263723401064914,1
843.96,550.9,0.5,,0.06437138812827062,1
826.56,551.78,0.5,,0.04542335559150423,1
796.63,490.79,0.5,,0.11034264899965596,1
764.41,554.25,0.5,,0.052718543778470184,1
752.86,554.34,0.5,,0.09599522488917034,1
805.77,554.89,0.5,,0.06663109898254418,1
878.43,554.92,0.5,,0.15801303232080813,1
794.46,554.95,0.5,,0.04450163719315478,1
834.76,555.77,0.5,,0.07450056901005173,1
852.4,555.92,0.5,,0.11528163029509378,1
764.1,490.64,0.5,,0.11878863763556022,1
382.43,271.12,0.5,,0.10493825913862889,1
725.06,489.72,0.5,,0.09305256601216252,1
827.44,558.67,0.5,,0.08038085484876892,1
717.01,489.6,0.5,,0.07046860620612466,1
843.63,560.62,0.5,,0.08780205313567482,1
749.35,489.36,0.5,,0.04708998980583615,1
701.01,488.75,0.5,,0.06775300615663918,1
772.61,486.86,0.5,,0.10686058218355274,1
860.91,561.96,0.5,,0.08296940093812824,1
788.18,485.73,0.5,,0.11065450866045409,1
768.37,562.84,0.5,,0.05273472392391654,1
834.39,563.76,0.5,,0.05836139509712315,1
756.03,485.18,0.5,,0.06671661895267181,1
852.07,565.74,0.5,,0.06383033080603809,1
708.96,484.72,0.5,,0.03541615936864885,1
869.26,566.99,0.5,,0.13713889257803705,1
717.5,483.14,0.5,,0.03781269429727374,1
399.04,255.54,0.5,,0.13285588509575655,1
742.01,482.96,0.5,,0.10365257683646914,1
784.83,567.81,0.5,,0.031234185701615735,1
842.89,569.61,0.5,,0.05739967350570466,1
763.58,481.86,0.5,,0.09001153525015454,1
796.17,481.86,0.5,,0.12669816383096758,1
861.06,571.77,0.5,,0.04301211495817381,1
830.34,572.35,0.5,,0.07508911470530566,1
779.71,480.18,0.5,,0.07827792623645632,1
701.86,480.03,0.5,,0.09810959280863024,1
815.13,573.36,0.5,,0.06871168499329972,1
353.57,305.56,0.5,,0.10607070279242306,1
734.39,477.59,0.5,,0.050649775193464586,1
852.46,576.8,0.5,,0.06858302410760361,1
870.17,576.86,0.5,,0.05454451585591752,1
787.27,476.98,0.5,,0.0723895989022966,1
710.34,476.74,0.5,,0.10300132894800668,1
772.58,476.04,0.5,,0.06704874321407647,1
756.0,475.52,0.5,,0.1447799970420784,1
345.67,310.1,0.5,,0.08570524278851849,1
833.96,581.16,0.5,,0.06718963363872063,1
795.65,582.66,0.5,,0.048659284717665896,1
741.76,473.9,0.5,,0.07500121237364749,1
853.84,583.87,0.5,,0.043646107774447246,1
779.28,471.68,0.5,,0.06425261410941943,1
762.21,470.25,0.5,,0.10245588707669262,1
771.66,466.74,0.5,,0.12034662428844214,1
753.83,464.76,0.5,,0.14945416897168648,1
813.27,589.18,0.5,,0.07661071784789,1
390.05,335.01,0.5,,0.1437594649464011,1
824.85,590.82,0.5,,0.0324656124306657,1
779.77,460.74,0.5,,0.10458567013474745,1
842.8,594.39,0.5,,0.08654014480031827,1
755.23,504.72,0.5,,0.04223259117428338,1
743.86,507.25,0.5,,0.010566081828078194,1
733.59,511.97,0.5,,-0.009999999999999995,1
706.98,513.8,0.5,,0.023710430229852072,1
745.94,497.77,0.5,,0.04821819351816631,1
